fasta	Name	tRNA #	Begin	End	Type	Codon	Score	Note
GCF_006715245.1_genomic	GCF_006715245.1_genomic_NZ_VFMV01000001.1 	1	934344	934418	Asn	GTT	74.4	
GCF_006715245.1_genomic	GCF_006715245.1_genomic_NZ_VFMV01000001.1 	2	934425	934517	Ser	GGA	64.1	
GCF_006715245.1_genomic	GCF_006715245.1_genomic_NZ_VFMV01000001.1 	3	934523	934597	Glu	TTC	70.2	
GCF_006715245.1_genomic	GCF_006715245.1_genomic_NZ_VFMV01000001.1 	4	934621	934696	Val	TAC	75.4	
GCF_006715245.1_genomic	GCF_006715245.1_genomic_NZ_VFMV01000001.1 	5	934788	934861	Met	CAT	78.6	
GCF_006715245.1_genomic	GCF_006715245.1_genomic_NZ_VFMV01000001.1 	6	934992	935068	Asp	GTC	83.6	
GCF_006715245.1_genomic	GCF_006715245.1_genomic_NZ_VFMV01000001.1 	7	935096	935171	Phe	GAA	79.6	
GCF_006715245.1_genomic	GCF_006715245.1_genomic_NZ_VFMV01000001.1 	8	935181	935256	Thr	TGT	72.2	
GCF_006715245.1_genomic	GCF_006715245.1_genomic_NZ_VFMV01000001.1 	9	935272	935355	Tyr	GTA	67.8	
GCF_006715245.1_genomic	GCF_006715245.1_genomic_NZ_VFMV01000001.1 	10	935364	935437	Trp	CCA	65.6	
GCF_006715245.1_genomic	GCF_006715245.1_genomic_NZ_VFMV01000001.1 	11	935440	935515	His	GTG	63.5	
GCF_006715245.1_genomic	GCF_006715245.1_genomic_NZ_VFMV01000001.1 	12	935557	935628	Gln	TTG	61.5	
GCF_006715245.1_genomic	GCF_006715245.1_genomic_NZ_VFMV01000001.1 	13	935633	935707	Gly	GCC	83.1	
GCF_006715245.1_genomic	GCF_006715245.1_genomic_NZ_VFMV01000001.1 	14	935717	935790	Cys	GCA	70.0	
GCF_006715245.1_genomic	GCF_006715245.1_genomic_NZ_VFMV01000001.1 	15	935810	935894	Leu	CAA	56.0	
GCF_006715245.1_genomic	GCF_006715245.1_genomic_NZ_VFMV01000001.1 	16	935898	935971	Gly	TCC	73.3	
GCF_006715245.1_genomic	GCF_006715245.1_genomic_NZ_VFMV01000001.1 	17	1174388	1174459	Val	GAC	66.6	
GCF_006715245.1_genomic	GCF_006715245.1_genomic_NZ_VFMV01000001.1 	18	2264983	2265054	Gln	TTG	61.5	
GCF_006715245.1_genomic	GCF_006715245.1_genomic_NZ_VFMV01000001.1 	19	2749305	2749377	Ala	GGC	70.7	
GCF_006715245.1_genomic	GCF_006715245.1_genomic_NZ_VFMV01000001.1 	20	3854160	3854236	Ile	GAT	84.1	
GCF_006715245.1_genomic	GCF_006715245.1_genomic_NZ_VFMV01000001.1 	21	3854257	3854332	Ala	TGC	72.7	
GCF_006715245.1_genomic	GCF_006715245.1_genomic_NZ_VFMV01000001.1 	22	3866461	3866553	Ser	TGA	65.7	
GCF_006715245.1_genomic	GCF_006715245.1_genomic_NZ_VFMV01000001.1 	23	3879334	3879410	Ile	GAT	84.1	
GCF_006715245.1_genomic	GCF_006715245.1_genomic_NZ_VFMV01000001.1 	24	3879431	3879506	Ala	TGC	72.7	
GCF_006715245.1_genomic	GCF_006715245.1_genomic_NZ_VFMV01000001.1 	25	3942304	3942379	Val	TAC	75.4	
GCF_006715245.1_genomic	GCF_006715245.1_genomic_NZ_VFMV01000001.1 	26	3942484	3942559	Thr	TGT	72.2	
GCF_006715245.1_genomic	GCF_006715245.1_genomic_NZ_VFMV01000001.1 	27	3942619	3942694	Lys	TTT	82.3	
GCF_006715245.1_genomic	GCF_006715245.1_genomic_NZ_VFMV01000001.1 	28	3942705	3942789	Leu	TAG	69.6	
GCF_006715245.1_genomic	GCF_006715245.1_genomic_NZ_VFMV01000001.1 	29	3942793	3942867	Gly	GCC	83.1	
GCF_006715245.1_genomic	GCF_006715245.1_genomic_NZ_VFMV01000001.1 	30	3942879	3942967	Leu	TAA	67.7	
GCF_006715245.1_genomic	GCF_006715245.1_genomic_NZ_VFMV01000001.1 	31	3942981	3943057	Arg	ACG	72.0	
GCF_006715245.1_genomic	GCF_006715245.1_genomic_NZ_VFMV01000001.1 	32	3943062	3943138	Pro	TGG	80.8	
GCF_006715245.1_genomic	GCF_006715245.1_genomic_NZ_VFMV01000001.1 	33	3943147	3943222	Ala	TGC	72.7	
GCF_006715245.1_genomic	GCF_006715245.1_genomic_NZ_VFMV01000001.1 	34	4018470	4018544	Asn	GTT	74.4	
GCF_006715245.1_genomic	GCF_006715245.1_genomic_NZ_VFMV01000001.1 	35	4018547	4018619	Thr	GGT	65.3	
GCF_006715245.1_genomic	GCF_006715245.1_genomic_NZ_VFMV01000001.1 	36	4018648	4018722	Glu	TTC	69.1	
GCF_006715245.1_genomic	GCF_006715245.1_genomic_NZ_VFMV01000001.1 	37	4018734	4018809	Val	TAC	75.4	
GCF_006715245.1_genomic	GCF_006715245.1_genomic_NZ_VFMV01000001.1 	38	4018917	4018992	Thr	TGT	72.2	
GCF_006715245.1_genomic	GCF_006715245.1_genomic_NZ_VFMV01000001.1 	39	4019007	4019090	Tyr	GTA	67.8	
GCF_006715245.1_genomic	GCF_006715245.1_genomic_NZ_VFMV01000001.1 	40	4019153	4019227	Gln	TTG	61.5	
GCF_006715245.1_genomic	GCF_006715245.1_genomic_NZ_VFMV01000001.1 	41	4019233	4019305	Lys	TTT	82.3	
GCF_006715245.1_genomic	GCF_006715245.1_genomic_NZ_VFMV01000001.1 	42	4148160	4148234	Asn	GTT	74.8	
GCF_006715245.1_genomic	GCF_006715245.1_genomic_NZ_VFMV01000001.1 	43	4148239	4148329	Ser	GCT	62.4	
GCF_006715245.1_genomic	GCF_006715245.1_genomic_NZ_VFMV01000001.1 	44	4148339	4148410	Glu	TTC	69.1	
GCF_006715245.1_genomic	GCF_006715245.1_genomic_NZ_VFMV01000001.1 	45	4148557	4148633	Asp	GTC	83.6	
GCF_006715245.1_genomic	GCF_006715245.1_genomic_NZ_VFMV01000001.1 	46	4148708	4148782	Gln	TTG	61.5	
GCF_006715245.1_genomic	GCF_006715245.1_genomic_NZ_VFMV01000001.1 	47	4148788	4148863	Lys	TTT	82.3	
GCF_006715245.1_genomic	GCF_006715245.1_genomic_NZ_VFMV01000001.1 	48	4148900	4148981	Leu	TAG	69.6	
GCF_006715245.1_genomic	GCF_006715245.1_genomic_NZ_VFMV01000001.1 	49	4149055	4149141	Leu	GAG	58.2	
GCF_006715245.1_genomic	GCF_006715245.1_genomic_NZ_VFMV01000001.1 	50	4149158	4149234	Arg	ACG	72.0	
GCF_006715245.1_genomic	GCF_006715245.1_genomic_NZ_VFMV01000001.1 	51	4149270	4149346	Pro	TGG	80.8	
GCF_006715245.1_genomic	GCF_006715245.1_genomic_NZ_VFMV01000001.1 	52	4149359	4149432	Gly	TCC	73.3	
GCF_006715245.1_genomic	GCF_006715245.1_genomic_NZ_VFMV01000001.1 	53	4154487	4154560	Met	CAT	78.6	
GCF_006715245.1_genomic	GCF_006715245.1_genomic_NZ_VFMV01000001.1 	54	4154663	4154739	Asp	GTC	83.6	
GCF_006715245.1_genomic	GCF_006715245.1_genomic_NZ_VFMV01000001.1 	55	3917669	3917596	Met	CAT	67.5	
GCF_006715245.1_genomic	GCF_006715245.1_genomic_NZ_VFMV01000001.1 	56	3917583	3917512	Glu	TTC	70.2	
GCF_006715245.1_genomic	GCF_006715245.1_genomic_NZ_VFMV01000001.1 	57	3811831	3811759	Lys	TTT	82.3	
GCF_006715245.1_genomic	GCF_006715245.1_genomic_NZ_VFMV01000001.1 	58	3811745	3811674	Glu	TTC	70.2	
GCF_006715245.1_genomic	GCF_006715245.1_genomic_NZ_VFMV01000001.1 	59	3811364	3811291	Asp	GTC	83.6	
GCF_006715245.1_genomic	GCF_006715245.1_genomic_NZ_VFMV01000001.1 	60	3811275	3811203	Phe	GAA	76.7	
GCF_006715245.1_genomic	GCF_006715245.1_genomic_NZ_VFMV01000001.1 	61	3276736	3276665	Glu	TTC	69.1	
GCF_006715245.1_genomic	GCF_006715245.1_genomic_NZ_VFMV01000001.1 	62	3276658	3276586	Val	TAC	75.4	
GCF_006715245.1_genomic	GCF_006715245.1_genomic_NZ_VFMV01000001.1 	63	3276479	3276407	Thr	TGT	72.2	
GCF_006715245.1_genomic	GCF_006715245.1_genomic_NZ_VFMV01000001.1 	64	3276371	3276299	Lys	TTT	82.3	
GCF_006715245.1_genomic	GCF_006715245.1_genomic_NZ_VFMV01000001.1 	65	3276285	3276204	Leu	TAG	69.6	
GCF_006715245.1_genomic	GCF_006715245.1_genomic_NZ_VFMV01000001.1 	66	3276197	3276123	Gly	GCC	83.1	
GCF_006715245.1_genomic	GCF_006715245.1_genomic_NZ_VFMV01000001.1 	67	3276032	3275959	Arg	ACG	72.0	
GCF_006715245.1_genomic	GCF_006715245.1_genomic_NZ_VFMV01000001.1 	68	3275949	3275876	Pro	TGG	80.8	
GCF_006715245.1_genomic	GCF_006715245.1_genomic_NZ_VFMV01000001.1 	69	3275864	3275792	Ala	TGC	72.7	
GCF_006715245.1_genomic	GCF_006715245.1_genomic_NZ_VFMV01000001.1 	70	3275752	3275679	Met	CAT	67.5	
GCF_006715245.1_genomic	GCF_006715245.1_genomic_NZ_VFMV01000001.1 	71	3275658	3275585	Met	CAT	82.2	
GCF_006715245.1_genomic	GCF_006715245.1_genomic_NZ_VFMV01000001.1 	72	3275573	3275481	Ser	TGA	65.7	
GCF_006715245.1_genomic	GCF_006715245.1_genomic_NZ_VFMV01000001.1 	73	3275457	3275384	Met	CAT	78.6	
GCF_006715245.1_genomic	GCF_006715245.1_genomic_NZ_VFMV01000001.1 	74	3275221	3275148	Asp	GTC	83.6	
GCF_006715245.1_genomic	GCF_006715245.1_genomic_NZ_VFMV01000001.1 	75	3275111	3275039	Phe	GAA	79.6	
GCF_006715245.1_genomic	GCF_006715245.1_genomic_NZ_VFMV01000001.1 	76	3275030	3274950	Tyr	GTA	67.8	
GCF_006715245.1_genomic	GCF_006715245.1_genomic_NZ_VFMV01000001.1 	77	3274904	3274834	Trp	CCA	64.6	
GCF_006715245.1_genomic	GCF_006715245.1_genomic_NZ_VFMV01000001.1 	78	3274819	3274744	His	GTG	63.5	
GCF_006715245.1_genomic	GCF_006715245.1_genomic_NZ_VFMV01000001.1 	79	3274737	3274666	Gln	TTG	61.5	
GCF_006715245.1_genomic	GCF_006715245.1_genomic_NZ_VFMV01000001.1 	80	3274658	3274585	Cys	GCA	67.6	
GCF_006715245.1_genomic	GCF_006715245.1_genomic_NZ_VFMV01000001.1 	81	3274565	3274484	Leu	CAA	56.0	
GCF_006715245.1_genomic	GCF_006715245.1_genomic_NZ_VFMV01000001.1 	82	3274465	3274392	Gly	TCC	73.3	
GCF_006715245.1_genomic	GCF_006715245.1_genomic_NZ_VFMV01000001.1 	83	3274377	3274304	Ile	GAT	84.1	
GCF_006715245.1_genomic	GCF_006715245.1_genomic_NZ_VFMV01000001.1 	84	3274292	3274221	Asn	GTT	74.8	
GCF_006715245.1_genomic	GCF_006715245.1_genomic_NZ_VFMV01000001.1 	85	3051744	3051673	Arg	CCG	61.3	
GCF_006715245.1_genomic	GCF_006715245.1_genomic_NZ_VFMV01000001.1 	86	2729655	2729583	Val	TAC	75.4	
GCF_006715245.1_genomic	GCF_006715245.1_genomic_NZ_VFMV01000001.1 	87	2729470	2729398	Thr	TGT	72.2	
GCF_006715245.1_genomic	GCF_006715245.1_genomic_NZ_VFMV01000001.1 	88	2729336	2729264	Lys	TTT	82.3	
GCF_006715245.1_genomic	GCF_006715245.1_genomic_NZ_VFMV01000001.1 	89	2729250	2729169	Leu	TAG	69.6	
GCF_006715245.1_genomic	GCF_006715245.1_genomic_NZ_VFMV01000001.1 	90	2729162	2729088	Gly	GCC	83.1	
GCF_006715245.1_genomic	GCF_006715245.1_genomic_NZ_VFMV01000001.1 	91	2729076	2728991	Leu	TAA	67.7	
GCF_006715245.1_genomic	GCF_006715245.1_genomic_NZ_VFMV01000001.1 	92	2728972	2728899	Arg	ACG	72.0	
GCF_006715245.1_genomic	GCF_006715245.1_genomic_NZ_VFMV01000001.1 	93	2728889	2728816	Pro	TGG	80.8	
GCF_006715245.1_genomic	GCF_006715245.1_genomic_NZ_VFMV01000001.1 	94	2728803	2728731	Ala	TGC	72.7	
GCF_006715245.1_genomic	GCF_006715245.1_genomic_NZ_VFMV01000001.1 	95	2728687	2728614	Met	CAT	67.5	
GCF_006715245.1_genomic	GCF_006715245.1_genomic_NZ_VFMV01000001.1 	96	2728606	2728533	Met	CAT	79.9	
GCF_006715245.1_genomic	GCF_006715245.1_genomic_NZ_VFMV01000001.1 	97	2728514	2728422	Ser	TGA	56.1	
GCF_006715245.1_genomic	GCF_006715245.1_genomic_NZ_VFMV01000001.1 	98	2728398	2728325	Met	CAT	78.6	
GCF_006715245.1_genomic	GCF_006715245.1_genomic_NZ_VFMV01000001.1 	99	2728149	2728076	Asp	GTC	83.6	
GCF_006715245.1_genomic	GCF_006715245.1_genomic_NZ_VFMV01000001.1 	100	2728051	2727979	Phe	GAA	76.7	
GCF_006715245.1_genomic	GCF_006715245.1_genomic_NZ_VFMV01000001.1 	101	2727965	2727890	His	GTG	62.1	
GCF_006715245.1_genomic	GCF_006715245.1_genomic_NZ_VFMV01000001.1 	102	2727880	2727807	Gly	TCC	73.3	
GCF_006715245.1_genomic	GCF_006715245.1_genomic_NZ_VFMV01000001.1 	103	2727795	2727722	Ile	GAT	84.1	
GCF_006715245.1_genomic	GCF_006715245.1_genomic_NZ_VFMV01000001.1 	104	2727708	2727637	Asn	GTT	74.8	
GCF_006715245.1_genomic	GCF_006715245.1_genomic_NZ_VFMV01000001.1 	105	2727629	2727542	Ser	GCT	62.4	
GCF_006715245.1_genomic	GCF_006715245.1_genomic_NZ_VFMV01000001.1 	106	2727532	2727461	Glu	TTC	69.1	
GCF_006715245.1_genomic	GCF_006715245.1_genomic_NZ_VFMV01000001.1 	107	2498721	2498648	Arg	TCT	75.1	
GCF_006715245.1_genomic	GCF_006715245.1_genomic_NZ_VFMV01000001.1 	108	2497623	2497550	Arg	CCT	74.4	
GCF_000238915.1_genomic	GCF_000238915.1_genomic_NZ_BAEG01000098.1 	1	39815	39742	Met	CAT	74.8	
GCF_000238915.1_genomic	GCF_000238915.1_genomic_NZ_BAEG01000096.1 	1	6249	6330	Leu	TAG	60.9	
GCF_000238915.1_genomic	GCF_000238915.1_genomic_NZ_BAEG01000085.1 	1	42632	42704	Arg	CCG	80.8	
GCF_000238915.1_genomic	GCF_000238915.1_genomic_NZ_BAEG01000085.1 	2	306835	306763	Ala	CGC	76.0	
GCF_000238915.1_genomic	GCF_000238915.1_genomic_NZ_BAEG01000085.1 	3	186770	186697	Met	CAT	78.2	
GCF_000238915.1_genomic	GCF_000238915.1_genomic_NZ_BAEG01000085.1 	4	186550	186477	Met	CAT	78.2	
GCF_000238915.1_genomic	GCF_000238915.1_genomic_NZ_BAEG01000083.1 	1	174115	174187	Arg	CCT	74.7	
GCF_000238915.1_genomic	GCF_000238915.1_genomic_NZ_BAEG01000080.1 	1	173594	173675	Tyr	GTA	66.3	
GCF_000238915.1_genomic	GCF_000238915.1_genomic_NZ_BAEG01000080.1 	2	199375	199446	Thr	GGT	65.2	
GCF_000238915.1_genomic	GCF_000238915.1_genomic_NZ_BAEG01000080.1 	3	199508	199581	Met	CAT	73.6	
GCF_000238915.1_genomic	GCF_000238915.1_genomic_NZ_BAEG01000078.1 	1	59150	59078	Trp	CCA	70.9	
GCF_000238915.1_genomic	GCF_000238915.1_genomic_NZ_BAEG01000074.1 	1	37202	37276	Pro	TGG	77.7	
GCF_000238915.1_genomic	GCF_000238915.1_genomic_NZ_BAEG01000074.1 	2	68422	68494	Ala	GGC	76.2	
GCF_000238915.1_genomic	GCF_000238915.1_genomic_NZ_BAEG01000074.1 	3	37062	36989	Gly	TCC	72.3	
GCF_000238915.1_genomic	GCF_000238915.1_genomic_NZ_BAEG01000074.1 	4	23693	23621	Arg	TCT	68.7	
GCF_000238915.1_genomic	GCF_000238915.1_genomic_NZ_BAEG01000074.1 	5	13877	13804	His	GTG	70.3	
GCF_000238915.1_genomic	GCF_000238915.1_genomic_NZ_BAEG01000073.1 	1	168752	168825	Gly	CCC	72.8	
GCF_000238915.1_genomic	GCF_000238915.1_genomic_NZ_BAEG01000058.1 	1	55928	56010	Leu	GAG	65.0	
GCF_000238915.1_genomic	GCF_000238915.1_genomic_NZ_BAEG01000056.1 	1	5409	5337	Val	TAC	66.3	
GCF_000238915.1_genomic	GCF_000238915.1_genomic_NZ_BAEG01000051.1 	1	14431	14504	Gly	GCC	80.8	
GCF_000238915.1_genomic	GCF_000238915.1_genomic_NZ_BAEG01000051.1 	2	14551	14621	Cys	GCA	69.0	
GCF_000238915.1_genomic	GCF_000238915.1_genomic_NZ_BAEG01000051.1 	3	14660	14734	Val	GAC	75.6	
GCF_000238915.1_genomic	GCF_000238915.1_genomic_NZ_BAEG01000051.1 	4	14792	14864	Gly	GCC	80.8	
GCF_000238915.1_genomic	GCF_000238915.1_genomic_NZ_BAEG01000051.1 	5	14917	14988	Val	GAC	75.6	
GCF_000238915.1_genomic	GCF_000238915.1_genomic_NZ_BAEG01000051.1 	6	166857	166784	Pro	GGG	77.1	
GCF_000238915.1_genomic	GCF_000238915.1_genomic_NZ_BAEG01000051.1 	7	14122	14051	Val	CAC	74.9	
GCF_000238915.1_genomic	GCF_000238915.1_genomic_NZ_BAEG01000050.1 	1	27310	27385	Lys	CTT	74.9	
GCF_000238915.1_genomic	GCF_000238915.1_genomic_NZ_BAEG01000050.1 	2	27557	27632	Lys	CTT	74.9	
GCF_000238915.1_genomic	GCF_000238915.1_genomic_NZ_BAEG01000050.1 	3	5321	5250	Gln	CTG	46.1	
GCF_000238915.1_genomic	GCF_000238915.1_genomic_NZ_BAEG01000050.1 	4	5119	5047	Glu	CTC	66.7	
GCF_000238915.1_genomic	GCF_000238915.1_genomic_NZ_BAEG01000047.1 	1	31956	32028	Thr	CGT	72.7	
GCF_000238915.1_genomic	GCF_000238915.1_genomic_NZ_BAEG01000047.1 	2	50492	50579	Ser	TGA	60.8	
GCF_000238915.1_genomic	GCF_000238915.1_genomic_NZ_BAEG01000047.1 	3	56562	56650	Ser	GCT	73.4	
GCF_000238915.1_genomic	GCF_000238915.1_genomic_NZ_BAEG01000047.1 	4	68036	68109	Arg	ACG	82.0	
GCF_000238915.1_genomic	GCF_000238915.1_genomic_NZ_BAEG01000047.1 	5	96281	96370	Ser	CGA	61.6	
GCF_000238915.1_genomic	GCF_000238915.1_genomic_NZ_BAEG01000043.1 	1	14207	14278	Gln	TTG	54.5	
GCF_000238915.1_genomic	GCF_000238915.1_genomic_NZ_BAEG01000042.1 	1	4	74	Ala	GGC	62.6	
GCF_000238915.1_genomic	GCF_000238915.1_genomic_NZ_BAEG01000040.1 	1	16227	16308	Leu	CAA	73.0	
GCF_000238915.1_genomic	GCF_000238915.1_genomic_NZ_BAEG01000037.1 	1	65969	66042	Ile	GAT	81.4	
GCF_000238915.1_genomic	GCF_000238915.1_genomic_NZ_BAEG01000037.1 	2	66304	66379	Ala	TGC	79.6	
GCF_000238915.1_genomic	GCF_000238915.1_genomic_NZ_BAEG01000037.1 	3	85130	85212	Leu	CAG	72.2	
GCF_000238915.1_genomic	GCF_000238915.1_genomic_NZ_BAEG01000027.1 	1	178877	178805	Lys	TTT	81.1	
GCF_000238915.1_genomic	GCF_000238915.1_genomic_NZ_BAEG01000027.1 	2	36845	36773	Glu	TTC	66.4	
GCF_000238915.1_genomic	GCF_000238915.1_genomic_NZ_BAEG01000027.1 	3	36679	36606	Asp	GTC	81.3	
GCF_000238915.1_genomic	GCF_000238915.1_genomic_NZ_BAEG01000027.1 	4	36557	36485	Phe	GAA	70.5	
GCF_000238915.1_genomic	GCF_000238915.1_genomic_NZ_BAEG01000014.1 	1	34955	35042	Ser	GGA	62.7	
GCF_000238915.1_genomic	GCF_000238915.1_genomic_NZ_BAEG01000012.1 	1	12454	12530	Thr	TGT	76.3	
GCF_000238915.1_genomic	GCF_000238915.1_genomic_NZ_BAEG01000010.1 	1	61496	61423	Leu	TAA	66.1	
GCF_000238915.1_genomic	GCF_000238915.1_genomic_NZ_BAEG01000008.1 	1	182794	182870	Pro	CGG	78.5	
GCF_000238915.1_genomic	GCF_000238915.1_genomic_NZ_BAEG01000005.1 	1	7473	7401	Cys	GCA	64.4	
GCF_000009045.1_genomic	GCF_000009045.1_genomic_NC_000964.3 	1	11464	11540	Ile	GAT	85.4	
GCF_000009045.1_genomic	GCF_000009045.1_genomic_NC_000964.3 	2	11552	11627	Ala	TGC	72.7	
GCF_000009045.1_genomic	GCF_000009045.1_genomic_NC_000964.3 	3	22292	22384	Ser	TGA	64.6	
GCF_000009045.1_genomic	GCF_000009045.1_genomic_NC_000964.3 	4	31932	32008	Ile	GAT	85.4	
GCF_000009045.1_genomic	GCF_000009045.1_genomic_NC_000964.3 	5	32020	32095	Ala	TGC	72.7	
GCF_000009045.1_genomic	GCF_000009045.1_genomic_NC_000964.3 	6	70181	70257	Met	CAT	67.5	
GCF_000009045.1_genomic	GCF_000009045.1_genomic_NC_000964.3 	7	70267	70338	Glu	TTC	70.2	
GCF_000009045.1_genomic	GCF_000009045.1_genomic_NC_000964.3 	8	95375	95450	Val	TAC	75.6	
GCF_000009045.1_genomic	GCF_000009045.1_genomic_NC_000964.3 	9	95455	95530	Thr	TGT	72.6	
GCF_000009045.1_genomic	GCF_000009045.1_genomic_NC_000964.3 	10	95567	95642	Lys	TTT	81.3	
GCF_000009045.1_genomic	GCF_000009045.1_genomic_NC_000964.3 	11	95649	95731	Leu	TAG	67.0	
GCF_000009045.1_genomic	GCF_000009045.1_genomic_NC_000964.3 	12	95772	95846	Gly	GCC	83.1	
GCF_000009045.1_genomic	GCF_000009045.1_genomic_NC_000964.3 	13	95861	95946	Leu	TAA	67.9	
GCF_000009045.1_genomic	GCF_000009045.1_genomic_NC_000964.3 	14	95956	96032	Arg	ACG	72.0	
GCF_000009045.1_genomic	GCF_000009045.1_genomic_NC_000964.3 	15	96060	96136	Pro	TGG	79.3	
GCF_000009045.1_genomic	GCF_000009045.1_genomic_NC_000964.3 	16	96146	96221	Ala	TGC	72.7	
GCF_000009045.1_genomic	GCF_000009045.1_genomic_NC_000964.3 	17	165754	165825	Asn	GTT	76.8	
GCF_000009045.1_genomic	GCF_000009045.1_genomic_NC_000964.3 	18	165830	165904	Thr	GGT	66.4	
GCF_000009045.1_genomic	GCF_000009045.1_genomic_NC_000964.3 	19	165959	166033	Gly	GCC	83.1	
GCF_000009045.1_genomic	GCF_000009045.1_genomic_NC_000964.3 	20	166064	166140	Arg	ACG	72.0	
GCF_000009045.1_genomic	GCF_000009045.1_genomic_NC_000964.3 	21	166168	166244	Pro	TGG	79.3	
GCF_000009045.1_genomic	GCF_000009045.1_genomic_NC_000964.3 	22	166253	166328	Ala	TGC	72.7	
GCF_000009045.1_genomic	GCF_000009045.1_genomic_NC_000964.3 	23	194205	194279	Glu	TTC	70.2	
GCF_000009045.1_genomic	GCF_000009045.1_genomic_NC_000964.3 	24	194283	194358	Val	TAC	75.6	
GCF_000009045.1_genomic	GCF_000009045.1_genomic_NC_000964.3 	25	194363	194435	Thr	TGT	72.6	
GCF_000009045.1_genomic	GCF_000009045.1_genomic_NC_000964.3 	26	194458	194542	Tyr	GTA	69.9	
GCF_000009045.1_genomic	GCF_000009045.1_genomic_NC_000964.3 	27	194547	194618	Gln	TTG	62.0	
GCF_000009045.1_genomic	GCF_000009045.1_genomic_NC_000964.3 	28	528704	528778	Asn	GTT	75.4	
GCF_000009045.1_genomic	GCF_000009045.1_genomic_NC_000964.3 	29	528783	528873	Ser	GCT	66.0	
GCF_000009045.1_genomic	GCF_000009045.1_genomic_NC_000964.3 	30	528903	528974	Glu	TTC	70.2	
GCF_000009045.1_genomic	GCF_000009045.1_genomic_NC_000964.3 	31	528986	529060	Gln	TTG	62.0	
GCF_000009045.1_genomic	GCF_000009045.1_genomic_NC_000964.3 	32	529087	529162	Lys	TTT	81.3	
GCF_000009045.1_genomic	GCF_000009045.1_genomic_NC_000964.3 	33	529174	529255	Leu	TAG	70.6	
GCF_000009045.1_genomic	GCF_000009045.1_genomic_NC_000964.3 	34	529336	529419	Leu	GAG	58.2	
GCF_000009045.1_genomic	GCF_000009045.1_genomic_NC_000964.3 	35	635110	635186	Arg	ACG	72.0	
GCF_000009045.1_genomic	GCF_000009045.1_genomic_NC_000964.3 	36	635200	635273	Gly	TCC	72.5	
GCF_000009045.1_genomic	GCF_000009045.1_genomic_NC_000964.3 	37	640268	640344	Met	CAT	79.9	
GCF_000009045.1_genomic	GCF_000009045.1_genomic_NC_000964.3 	38	640405	640481	Asp	GTC	83.6	
GCF_000009045.1_genomic	GCF_000009045.1_genomic_NC_000964.3 	39	951582	951656	Asn	GTT	76.8	
GCF_000009045.1_genomic	GCF_000009045.1_genomic_NC_000964.3 	40	951662	951753	Ser	GGA	63.9	
GCF_000009045.1_genomic	GCF_000009045.1_genomic_NC_000964.3 	41	951788	951859	Glu	TTC	70.2	
GCF_000009045.1_genomic	GCF_000009045.1_genomic_NC_000964.3 	42	951869	951944	Val	TAC	75.6	
GCF_000009045.1_genomic	GCF_000009045.1_genomic_NC_000964.3 	43	951954	952030	Met	CAT	79.9	
GCF_000009045.1_genomic	GCF_000009045.1_genomic_NC_000964.3 	44	952042	952118	Asp	GTC	83.6	
GCF_000009045.1_genomic	GCF_000009045.1_genomic_NC_000964.3 	45	952131	952206	Phe	GAA	81.4	
GCF_000009045.1_genomic	GCF_000009045.1_genomic_NC_000964.3 	46	952212	952284	Thr	TGT	72.6	
GCF_000009045.1_genomic	GCF_000009045.1_genomic_NC_000964.3 	47	952307	952391	Tyr	GTA	69.9	
GCF_000009045.1_genomic	GCF_000009045.1_genomic_NC_000964.3 	48	952397	952470	Trp	CCA	62.6	
GCF_000009045.1_genomic	GCF_000009045.1_genomic_NC_000964.3 	49	952495	952570	His	GTG	60.0	
GCF_000009045.1_genomic	GCF_000009045.1_genomic_NC_000964.3 	50	952580	952651	Gln	TTG	62.0	
GCF_000009045.1_genomic	GCF_000009045.1_genomic_NC_000964.3 	51	952701	952775	Gly	GCC	83.1	
GCF_000009045.1_genomic	GCF_000009045.1_genomic_NC_000964.3 	52	952781	952851	Cys	GCA	69.6	
GCF_000009045.1_genomic	GCF_000009045.1_genomic_NC_000964.3 	53	952859	952947	Leu	TAA	67.9	
GCF_000009045.1_genomic	GCF_000009045.1_genomic_NC_000964.3 	54	953213	953294	Leu	CAA	54.7	
GCF_000009045.1_genomic	GCF_000009045.1_genomic_NC_000964.3 	55	967065	967138	Gly	TCC	72.5	
GCF_000009045.1_genomic	GCF_000009045.1_genomic_NC_000964.3 	56	1262789	1262861	Val	GAC	67.6	
GCF_000009045.1_genomic	GCF_000009045.1_genomic_NC_000964.3 	57	2563889	2563959	Gln	TTG	59.0	
GCF_000009045.1_genomic	GCF_000009045.1_genomic_NC_000964.3 	58	4155209	4155137	Lys	TTT	81.3	
GCF_000009045.1_genomic	GCF_000009045.1_genomic_NC_000964.3 	59	4155124	4155053	Glu	TTC	70.2	
GCF_000009045.1_genomic	GCF_000009045.1_genomic_NC_000964.3 	60	4154971	4154898	Asp	GTC	83.6	
GCF_000009045.1_genomic	GCF_000009045.1_genomic_NC_000964.3 	61	4154859	4154787	Phe	GAA	81.4	
GCF_000009045.1_genomic	GCF_000009045.1_genomic_NC_000964.3 	62	3545964	3545889	Arg	CCG	67.5	
GCF_000009045.1_genomic	GCF_000009045.1_genomic_NC_000964.3 	63	3194527	3194455	Ala	GGC	73.0	
GCF_000009045.1_genomic	GCF_000009045.1_genomic_NC_000964.3 	64	3173797	3173725	Val	TAC	75.6	
GCF_000009045.1_genomic	GCF_000009045.1_genomic_NC_000964.3 	65	3173689	3173617	Thr	TGT	72.6	
GCF_000009045.1_genomic	GCF_000009045.1_genomic_NC_000964.3 	66	3173576	3173504	Lys	TTT	81.3	
GCF_000009045.1_genomic	GCF_000009045.1_genomic_NC_000964.3 	67	3173490	3173407	Leu	CAG	62.5	
GCF_000009045.1_genomic	GCF_000009045.1_genomic_NC_000964.3 	68	3173398	3173324	Gly	GCC	83.1	
GCF_000009045.1_genomic	GCF_000009045.1_genomic_NC_000964.3 	69	3173309	3173224	Leu	TAA	67.9	
GCF_000009045.1_genomic	GCF_000009045.1_genomic_NC_000964.3 	70	3173214	3173141	Arg	ACG	72.0	
GCF_000009045.1_genomic	GCF_000009045.1_genomic_NC_000964.3 	71	3173122	3173049	Pro	TGG	79.3	
GCF_000009045.1_genomic	GCF_000009045.1_genomic_NC_000964.3 	72	3173040	3172968	Ala	TGC	72.7	
GCF_000009045.1_genomic	GCF_000009045.1_genomic_NC_000964.3 	73	3172948	3172875	Met	CAT	67.5	
GCF_000009045.1_genomic	GCF_000009045.1_genomic_NC_000964.3 	74	3172869	3172796	Met	CAT	79.9	
GCF_000009045.1_genomic	GCF_000009045.1_genomic_NC_000964.3 	75	3172786	3172697	Ser	TGA	64.6	
GCF_000009045.1_genomic	GCF_000009045.1_genomic_NC_000964.3 	76	3172676	3172603	Met	CAT	79.9	
GCF_000009045.1_genomic	GCF_000009045.1_genomic_NC_000964.3 	77	3172588	3172515	Asp	GTC	83.6	
GCF_000009045.1_genomic	GCF_000009045.1_genomic_NC_000964.3 	78	3172499	3172427	Phe	GAA	81.4	
GCF_000009045.1_genomic	GCF_000009045.1_genomic_NC_000964.3 	79	3172406	3172331	His	GTG	62.5	
GCF_000009045.1_genomic	GCF_000009045.1_genomic_NC_000964.3 	80	3172320	3172247	Gly	TCC	75.4	
GCF_000009045.1_genomic	GCF_000009045.1_genomic_NC_000964.3 	81	3172231	3172158	Ile	GAT	85.3	
GCF_000009045.1_genomic	GCF_000009045.1_genomic_NC_000964.3 	82	3172144	3172073	Asn	GTT	75.4	
GCF_000009045.1_genomic	GCF_000009045.1_genomic_NC_000964.3 	83	3172066	3171979	Ser	GCT	63.4	
GCF_000009045.1_genomic	GCF_000009045.1_genomic_NC_000964.3 	84	3171950	3171879	Glu	TTC	70.2	
GCF_000009045.1_genomic	GCF_000009045.1_genomic_NC_000964.3 	85	2899889	2899816	Arg	TCT	77.2	
GCF_000009045.1_genomic	GCF_000009045.1_genomic_NC_000964.3 	86	2003348	2003276	Arg	CCT	69.2	
GCF_001646745.1_genomic	GCF_001646745.1_genomic_NZ_LRRJ01000104.1 	1	3054	2984	Cys	GCA	65.8	
GCF_001646745.1_genomic	GCF_001646745.1_genomic_NZ_LRRJ01000105.1 	1	1295	1222	Gly	CCC	76.0	
GCF_001646745.1_genomic	GCF_001646745.1_genomic_NZ_LRRJ01000112.1 	1	37252	37180	Lys	CTT	81.3	
GCF_001646745.1_genomic	GCF_001646745.1_genomic_NZ_LRRJ01000112.1 	2	35544	35472	Lys	CTT	81.3	
GCF_001646745.1_genomic	GCF_001646745.1_genomic_NZ_LRRJ01000112.1 	3	21238	21157	Leu	TAG	70.1	
GCF_001646745.1_genomic	GCF_001646745.1_genomic_NZ_LRRJ01000012.1 	1	162593	162520	Met	CAT	76.9	
GCF_001646745.1_genomic	GCF_001646745.1_genomic_NZ_LRRJ01000015.1 	1	352354	352429	Ala	CGC	78.1	
GCF_001646745.1_genomic	GCF_001646745.1_genomic_NZ_LRRJ01000015.1 	2	434341	434271	Gln	TTG	52.2	
GCF_001646745.1_genomic	GCF_001646745.1_genomic_NZ_LRRJ01000015.1 	3	235954	235882	Arg	CCT	77.4	
GCF_001646745.1_genomic	GCF_001646745.1_genomic_NZ_LRRJ01000017.1 	1	243631	243559	Thr	TGT	73.9	
GCF_001646745.1_genomic	GCF_001646745.1_genomic_NZ_LRRJ01000018.1 	1	143382	143300	Tyr	GTA	64.1	
GCF_001646745.1_genomic	GCF_001646745.1_genomic_NZ_LRRJ01000018.1 	2	142988	142916	Thr	GGT	73.2	
GCF_001646745.1_genomic	GCF_001646745.1_genomic_NZ_LRRJ01000018.1 	3	142870	142798	Met	CAT	74.2	
GCF_001646745.1_genomic	GCF_001646745.1_genomic_NZ_LRRJ01000018.1 	4	141342	141270	Trp	CCA	73.8	
GCF_001646745.1_genomic	GCF_001646745.1_genomic_NZ_LRRJ01000020.1 	1	46866	46951	Leu	GAG	64.9	
GCF_001646745.1_genomic	GCF_001646745.1_genomic_NZ_LRRJ01000020.1 	2	47114	47199	Leu	GAG	64.9	
GCF_001646745.1_genomic	GCF_001646745.1_genomic_NZ_LRRJ01000020.1 	3	88411	88338	Pro	GGG	77.3	
GCF_001646745.1_genomic	GCF_001646745.1_genomic_NZ_LRRJ01000023.1 	1	73962	73889	Leu	CAA	51.5	
GCF_001646745.1_genomic	GCF_001646745.1_genomic_NZ_LRRJ01000003.1 	1	38710	38782	Lys	TTT	81.7	
GCF_001646745.1_genomic	GCF_001646745.1_genomic_NZ_LRRJ01000003.1 	2	35646	35574	Glu	TTC	68.3	
GCF_001646745.1_genomic	GCF_001646745.1_genomic_NZ_LRRJ01000003.1 	3	35438	35365	Asp	GTC	81.0	
GCF_001646745.1_genomic	GCF_001646745.1_genomic_NZ_LRRJ01000003.1 	4	35294	35221	Phe	GAA	83.9	
GCF_001646745.1_genomic	GCF_001646745.1_genomic_NZ_LRRJ01000035.1 	1	85772	85700	Asn	GTT	69.9	
GCF_001646745.1_genomic	GCF_001646745.1_genomic_NZ_LRRJ01000035.1 	2	84497	84424	Met	CAT	88.6	
GCF_001646745.1_genomic	GCF_001646745.1_genomic_NZ_LRRJ01000035.1 	3	53820	53749	Val	TAC	72.8	
GCF_001646745.1_genomic	GCF_001646745.1_genomic_NZ_LRRJ01000037.1 	1	65504	65577	Gly	TCC	73.3	
GCF_001646745.1_genomic	GCF_001646745.1_genomic_NZ_LRRJ01000037.1 	2	92733	92808	Arg	TCT	70.2	
GCF_001646745.1_genomic	GCF_001646745.1_genomic_NZ_LRRJ01000037.1 	3	124334	124408	His	GTG	69.6	
GCF_001646745.1_genomic	GCF_001646745.1_genomic_NZ_LRRJ01000037.1 	4	65095	65022	Pro	TGG	79.2	
GCF_001646745.1_genomic	GCF_001646745.1_genomic_NZ_LRRJ01000049.1 	1	444	517	Met	CAT	76.9	
GCF_001646745.1_genomic	GCF_001646745.1_genomic_NZ_LRRJ01000049.1 	2	42108	42183	Ala	GGC	75.8	
GCF_001646745.1_genomic	GCF_001646745.1_genomic_NZ_LRRJ01000049.1 	3	45751	45805	Undet	NNN	22.7	pseudo
GCF_001646745.1_genomic	GCF_001646745.1_genomic_NZ_LRRJ01000052.1 	1	30159	30234	Arg	CCG	84.7	
GCF_001646745.1_genomic	GCF_001646745.1_genomic_NZ_LRRJ01000052.1 	2	52224	52154	Cys	GCA	59.5	
GCF_001646745.1_genomic	GCF_001646745.1_genomic_NZ_LRRJ01000053.1 	1	2545	2463	Leu	CAG	67.1	
GCF_001646745.1_genomic	GCF_001646745.1_genomic_NZ_LRRJ01000057.1 	1	3410	3485	His	GTG	50.1	
GCF_001646745.1_genomic	GCF_001646745.1_genomic_NZ_LRRJ01000058.1 	1	80789	80861	Gly	GCC	81.5	
GCF_001646745.1_genomic	GCF_001646745.1_genomic_NZ_LRRJ01000058.1 	2	80887	80957	Cys	GCA	71.4	
GCF_001646745.1_genomic	GCF_001646745.1_genomic_NZ_LRRJ01000058.1 	3	80959	81033	Val	GAC	72.1	
GCF_001646745.1_genomic	GCF_001646745.1_genomic_NZ_LRRJ01000058.1 	4	81126	81201	Gly	GCC	82.2	
GCF_001646745.1_genomic	GCF_001646745.1_genomic_NZ_LRRJ01000058.1 	5	81218	81292	Val	GAC	72.1	
GCF_001646745.1_genomic	GCF_001646745.1_genomic_NZ_LRRJ01000058.1 	6	80495	80424	Val	CAC	78.2	
GCF_001646745.1_genomic	GCF_001646745.1_genomic_NZ_LRRJ01000006.1 	1	58000	58073	Pro	CGG	78.0	
GCF_001646745.1_genomic	GCF_001646745.1_genomic_NZ_LRRJ01000006.1 	2	160640	160727	Ser	GGA	59.7	
GCF_001646745.1_genomic	GCF_001646745.1_genomic_NZ_LRRJ01000006.1 	3	273121	273035	Ser	TGA	65.7	
GCF_001646745.1_genomic	GCF_001646745.1_genomic_NZ_LRRJ01000006.1 	4	229834	229746	Ser	GCT	70.6	
GCF_001646745.1_genomic	GCF_001646745.1_genomic_NZ_LRRJ01000006.1 	5	229660	229588	Arg	ACG	80.0	
GCF_001646745.1_genomic	GCF_001646745.1_genomic_NZ_LRRJ01000006.1 	6	214022	213935	Ser	CGA	70.8	
GCF_001646745.1_genomic	GCF_001646745.1_genomic_NZ_LRRJ01000006.1 	7	1982	1908	Thr	CGT	79.9	
GCF_001646745.1_genomic	GCF_001646745.1_genomic_NZ_LRRJ01000007.1 	1	240472	240401	Gln	CTG	49.4	
GCF_001646745.1_genomic	GCF_001646745.1_genomic_NZ_LRRJ01000007.1 	2	240303	240231	Glu	CTC	71.2	
GCF_001646745.1_genomic	GCF_001646745.1_genomic_NZ_LRRJ01000091.1 	1	7463	7390	Ile	GAT	78.8	
GCF_001646745.1_genomic	GCF_001646745.1_genomic_NZ_LRRJ01000091.1 	2	7213	7141	Ala	TGC	78.9	
GCF_001646745.1_genomic	GCF_001646745.1_genomic_NZ_LRRJ01000096.1 	1	17814	17890	Leu	TAA	66.2	
GCF_000368685.1_genomic	GCF_000368685.1_genomic_NZ_KB849623.1 	1	212162	212237	Lys	TTT	84.9	
GCF_000368685.1_genomic	GCF_000368685.1_genomic_NZ_KB849623.1 	2	212346	212421	Lys	TTT	84.9	
GCF_000368685.1_genomic	GCF_000368685.1_genomic_NZ_KB849623.1 	3	430059	429986	Ile	GAT	79.1	
GCF_000368685.1_genomic	GCF_000368685.1_genomic_NZ_KB849623.1 	4	429946	429874	Ala	TGC	74.6	
GCF_000368685.1_genomic	GCF_000368685.1_genomic_NZ_KB849623.1 	5	348078	348006	Thr	TGT	79.4	
GCF_000368685.1_genomic	GCF_000368685.1_genomic_NZ_KB849623.1 	6	347949	347869	Tyr	GTA	57.3	
GCF_000368685.1_genomic	GCF_000368685.1_genomic_NZ_KB849623.1 	7	347833	347758	Gly	TCC	77.1	
GCF_000368685.1_genomic	GCF_000368685.1_genomic_NZ_KB849623.1 	8	347746	347672	Thr	GGT	75.2	
GCF_000368685.1_genomic	GCF_000368685.1_genomic_NZ_KB849623.1 	9	346286	346214	Trp	CCA	65.8	
GCF_000368685.1_genomic	GCF_000368685.1_genomic_NZ_KB849623.1 	10	288221	288140	Leu	GAG	56.4	
GCF_000368685.1_genomic	GCF_000368685.1_genomic_NZ_KB849623.1 	11	287640	287565	Met	CAT	67.0	
GCF_000368685.1_genomic	GCF_000368685.1_genomic_NZ_KB849623.1 	12	287477	287400	Met	CAT	68.5	
GCF_000368685.1_genomic	GCF_000368685.1_genomic_NZ_KB849623.1 	13	64070	63987	Leu	CAA	63.0	
GCF_000368685.1_genomic	GCF_000368685.1_genomic_NZ_KB849623.1 	14	3276	3203	Pro	TGG	76.5	
GCF_000368685.1_genomic	GCF_000368685.1_genomic_NZ_KB849623.1 	15	3139	3066	Arg	TCT	84.1	
GCF_000368685.1_genomic	GCF_000368685.1_genomic_NZ_KB849623.1 	16	3024	2949	His	GTG	73.6	
GCF_000368685.1_genomic	GCF_000368685.1_genomic_NZ_KB849623.1 	17	2944	2871	Pro	TGG	76.5	
GCF_000368685.1_genomic	GCF_000368685.1_genomic_NZ_KB849625.1 	1	7546	7621	Glu	TTC	57.5	
GCF_000368685.1_genomic	GCF_000368685.1_genomic_NZ_KB849625.1 	2	7911	7986	Glu	TTC	57.5	
GCF_000368685.1_genomic	GCF_000368685.1_genomic_NZ_KB849625.1 	3	11704	11779	Glu	TTC	57.5	
GCF_000368685.1_genomic	GCF_000368685.1_genomic_NZ_KB849625.1 	4	11805	11880	Glu	TTC	57.5	
GCF_000368685.1_genomic	GCF_000368685.1_genomic_NZ_KB849625.1 	5	361666	361594	Val	TAC	80.2	
GCF_000368685.1_genomic	GCF_000368685.1_genomic_NZ_KB849625.1 	6	361567	361494	Asp	GTC	81.4	
GCF_000368685.1_genomic	GCF_000368685.1_genomic_NZ_KB849625.1 	7	361443	361370	Asp	GTC	81.4	
GCF_000368685.1_genomic	GCF_000368685.1_genomic_NZ_KB849625.1 	8	361344	361272	Val	TAC	80.2	
GCF_000368685.1_genomic	GCF_000368685.1_genomic_NZ_KB849625.1 	9	361233	361160	Asp	GTC	81.4	
GCF_000368685.1_genomic	GCF_000368685.1_genomic_NZ_KB849625.1 	10	361059	360987	Val	TAC	80.2	
GCF_000368685.1_genomic	GCF_000368685.1_genomic_NZ_KB849626.1 	1	253700	253775	Phe	GAA	68.6	
GCF_000368685.1_genomic	GCF_000368685.1_genomic_NZ_KB849626.1 	2	253902	253977	Phe	GAA	68.6	
GCF_000368685.1_genomic	GCF_000368685.1_genomic_NZ_KB849626.1 	3	454875	454964	Ser	GCT	73.8	
GCF_000368685.1_genomic	GCF_000368685.1_genomic_NZ_KB849626.1 	4	454976	455052	Arg	ACG	75.8	
GCF_000368685.1_genomic	GCF_000368685.1_genomic_NZ_KB849626.1 	5	458995	459071	Arg	ACG	75.8	
GCF_000368685.1_genomic	GCF_000368685.1_genomic_NZ_KB849626.1 	6	616308	616384	Ile	GAT	79.1	
GCF_000368685.1_genomic	GCF_000368685.1_genomic_NZ_KB849626.1 	7	616421	616496	Ala	TGC	74.6	
GCF_000368685.1_genomic	GCF_000368685.1_genomic_NZ_KB849626.1 	8	280612	280540	Ala	GGC	68.5	
GCF_000368685.1_genomic	GCF_000368685.1_genomic_NZ_KB849626.1 	9	280511	280439	Glu	TTC	57.5	
GCF_000368685.1_genomic	GCF_000368685.1_genomic_NZ_KB849626.1 	10	235149	235063	Ser	GGA	61.0	
GCF_000368685.1_genomic	GCF_000368685.1_genomic_NZ_KB849626.1 	11	201449	201377	Thr	TGT	79.4	
GCF_000368685.1_genomic	GCF_000368685.1_genomic_NZ_KB849627.1 	1	181594	181669	Gly	GCC	79.0	
GCF_000368685.1_genomic	GCF_000368685.1_genomic_NZ_KB849627.1 	2	319751	319826	Asn	GTT	74.4	
GCF_000368685.1_genomic	GCF_000368685.1_genomic_NZ_KB849627.1 	3	319834	319909	Asn	GTT	75.5	
GCF_000368685.1_genomic	GCF_000368685.1_genomic_NZ_KB849627.1 	4	322832	322907	Asn	GTT	75.5	
GCF_000368685.1_genomic	GCF_000368685.1_genomic_NZ_KB849627.1 	5	325960	325879	Leu	TAG	63.7	
GCF_000368685.1_genomic	GCF_000368685.1_genomic_NZ_KB849627.1 	6	325825	325755	Trp	CCA	57.7	
GCF_000368685.1_genomic	GCF_000368685.1_genomic_NZ_KB849627.1 	7	325727	325646	Leu	TAG	63.7	
GCF_000368685.1_genomic	GCF_000368685.1_genomic_NZ_KB849628.1 	1	131030	131106	Met	CAT	72.4	
GCF_000368685.1_genomic	GCF_000368685.1_genomic_NZ_KB849628.1 	2	378827	378903	Met	CAT	82.5	
GCF_000368685.1_genomic	GCF_000368685.1_genomic_NZ_KB849628.1 	3	574365	574441	Arg	CCG	72.4	
GCF_000368685.1_genomic	GCF_000368685.1_genomic_NZ_KB849628.1 	4	880371	880446	Asn	GTT	75.5	
GCF_000368685.1_genomic	GCF_000368685.1_genomic_NZ_KB849628.1 	5	1132418	1132491	Cys	GCA	57.3	
GCF_000368685.1_genomic	GCF_000368685.1_genomic_NZ_KB849628.1 	6	1132507	1132592	Leu	TAA	56.7	
GCF_000368685.1_genomic	GCF_000368685.1_genomic_NZ_KB849628.1 	7	1134286	1134371	Leu	TAA	56.7	
GCF_000368685.1_genomic	GCF_000368685.1_genomic_NZ_KB849628.1 	8	1191987	1192061	Gln	TTG	55.5	
GCF_000368685.1_genomic	GCF_000368685.1_genomic_NZ_KB849628.1 	9	1192273	1192347	Gln	TTG	52.8	
GCF_000368685.1_genomic	GCF_000368685.1_genomic_NZ_KB849628.1 	10	1192439	1192513	Gln	TTG	55.5	
GCF_000368685.1_genomic	GCF_000368685.1_genomic_NZ_KB849628.1 	11	1247807	1247879	Arg	CCT	68.0	
GCF_000368685.1_genomic	GCF_000368685.1_genomic_NZ_KB849628.1 	12	1180031	1179958	Met	CAT	80.1	
GCF_000368685.1_genomic	GCF_000368685.1_genomic_NZ_KB849628.1 	13	1179726	1179653	Met	CAT	80.1	
GCF_000368685.1_genomic	GCF_000368685.1_genomic_NZ_KB849628.1 	14	1097423	1097337	Ser	TGA	67.2	
GCF_000368685.1_genomic	GCF_000368685.1_genomic_NZ_KB849628.1 	15	513844	513771	Val	GAC	67.6	
GCF_000368685.1_genomic	GCF_000368685.1_genomic_NZ_KB849630.1 	1	53758	53834	Ile	GAT	79.1	
GCF_000368685.1_genomic	GCF_000368685.1_genomic_NZ_KB849630.1 	2	53871	53946	Ala	TGC	74.6	
GCF_000368685.1_genomic	GCF_000368685.1_genomic_NZ_KB849631.1 	1	67626	67701	Gly	GCC	79.0	
GCF_000368685.1_genomic	GCF_000368685.1_genomic_NZ_KB849631.1 	2	67743	67818	Gly	GCC	79.0	
GCF_000368685.1_genomic	GCF_000368685.1_genomic_NZ_KB849631.1 	3	193175	193102	Ile	GAT	79.1	
GCF_000368685.1_genomic	GCF_000368685.1_genomic_NZ_KB849631.1 	4	193062	192990	Ala	TGC	74.6	
GCF_000219605.1_genomic	GCF_000219605.1_genomic_NC_015740.1 	1	721087	721163	Ile	GAT	81.8	
GCF_000219605.1_genomic	GCF_000219605.1_genomic_NC_015740.1 	2	721170	721245	Ala	TGC	73.9	
GCF_000219605.1_genomic	GCF_000219605.1_genomic_NC_015740.1 	3	727281	727365	Tyr	GTA	67.7	
GCF_000219605.1_genomic	GCF_000219605.1_genomic_NC_015740.1 	4	727391	727464	Gly	TCC	75.6	
GCF_000219605.1_genomic	GCF_000219605.1_genomic_NC_015740.1 	5	727491	727566	Thr	GGT	76.0	
GCF_000219605.1_genomic	GCF_000219605.1_genomic_NC_015740.1 	6	728896	728971	Trp	CCA	74.1	
GCF_000219605.1_genomic	GCF_000219605.1_genomic_NC_015740.1 	7	1371556	1371646	Ser	GCT	73.0	
GCF_000219605.1_genomic	GCF_000219605.1_genomic_NC_015740.1 	8	1371757	1371833	Arg	ACG	76.7	
GCF_000219605.1_genomic	GCF_000219605.1_genomic_NC_015740.1 	9	1371903	1371979	Arg	ACG	76.7	
GCF_000219605.1_genomic	GCF_000219605.1_genomic_NC_015740.1 	10	1453758	1453833	Thr	CGT	74.2	
GCF_000219605.1_genomic	GCF_000219605.1_genomic_NC_015740.1 	11	1650471	1650547	Ile	GAT	81.8	
GCF_000219605.1_genomic	GCF_000219605.1_genomic_NC_015740.1 	12	1650554	1650629	Ala	TGC	73.9	
GCF_000219605.1_genomic	GCF_000219605.1_genomic_NC_015740.1 	13	1767718	1767793	Val	CAC	67.4	
GCF_000219605.1_genomic	GCF_000219605.1_genomic_NC_015740.1 	14	1767831	1767907	Asp	GTC	83.4	
GCF_000219605.1_genomic	GCF_000219605.1_genomic_NC_015740.1 	15	1996809	1996898	Ser	TGA	68.4	
GCF_000219605.1_genomic	GCF_000219605.1_genomic_NC_015740.1 	16	2069814	2069890	Arg	TCT	82.7	
GCF_000219605.1_genomic	GCF_000219605.1_genomic_NC_015740.1 	17	2069924	2069999	His	GTG	70.3	
GCF_000219605.1_genomic	GCF_000219605.1_genomic_NC_015740.1 	18	2070051	2070135	Leu	TAG	62.3	
GCF_000219605.1_genomic	GCF_000219605.1_genomic_NC_015740.1 	19	2102768	2102843	Gly	GCC	79.7	
GCF_000219605.1_genomic	GCF_000219605.1_genomic_NC_015740.1 	20	2102890	2102963	Cys	GCA	56.5	
GCF_000219605.1_genomic	GCF_000219605.1_genomic_NC_015740.1 	21	2454542	2454618	Pro	CGG	76.9	
GCF_000219605.1_genomic	GCF_000219605.1_genomic_NC_015740.1 	22	3249459	3249534	Asn	GTT	76.8	
GCF_000219605.1_genomic	GCF_000219605.1_genomic_NC_015740.1 	23	3307641	3307727	Leu	CAA	68.9	
GCF_000219605.1_genomic	GCF_000219605.1_genomic_NC_015740.1 	24	3458083	3458157	Gln	TTG	58.4	
GCF_000219605.1_genomic	GCF_000219605.1_genomic_NC_015740.1 	25	3458205	3458279	Gln	TTG	58.4	
GCF_000219605.1_genomic	GCF_000219605.1_genomic_NC_015740.1 	26	3628226	3628376	Undet	NNN	21.4	pseudo
GCF_000219605.1_genomic	GCF_000219605.1_genomic_NC_015740.1 	27	3906499	3906585	Leu	CAG	65.2	
GCF_000219605.1_genomic	GCF_000219605.1_genomic_NC_015740.1 	28	3906704	3906790	Leu	CAG	65.2	
GCF_000219605.1_genomic	GCF_000219605.1_genomic_NC_015740.1 	29	4392087	4392162	Phe	GAA	78.5	
GCF_000219605.1_genomic	GCF_000219605.1_genomic_NC_015740.1 	30	3877188	3877116	Asn	GTT	76.8	
GCF_000219605.1_genomic	GCF_000219605.1_genomic_NC_015740.1 	31	3877103	3877030	Pro	TGG	73.1	
GCF_000219605.1_genomic	GCF_000219605.1_genomic_NC_015740.1 	32	3877021	3876949	Lys	TTT	85.4	
GCF_000219605.1_genomic	GCF_000219605.1_genomic_NC_015740.1 	33	3597416	3597334	Leu	GAG	60.4	
GCF_000219605.1_genomic	GCF_000219605.1_genomic_NC_015740.1 	34	3597236	3597163	Met	CAT	73.8	
GCF_000219605.1_genomic	GCF_000219605.1_genomic_NC_015740.1 	35	3527226	3527153	Ile	GAT	81.8	
GCF_000219605.1_genomic	GCF_000219605.1_genomic_NC_015740.1 	36	3527143	3527071	Ala	TGC	73.9	
GCF_000219605.1_genomic	GCF_000219605.1_genomic_NC_015740.1 	37	3504326	3504253	Met	CAT	76.4	
GCF_000219605.1_genomic	GCF_000219605.1_genomic_NC_015740.1 	38	3244042	3243970	Ala	GGC	70.6	
GCF_000219605.1_genomic	GCF_000219605.1_genomic_NC_015740.1 	39	3243901	3243829	Glu	TTC	61.1	
GCF_000219605.1_genomic	GCF_000219605.1_genomic_NC_015740.1 	40	3243782	3243710	Ala	GGC	70.6	
GCF_000219605.1_genomic	GCF_000219605.1_genomic_NC_015740.1 	41	3243664	3243592	Glu	TTC	61.1	
GCF_000219605.1_genomic	GCF_000219605.1_genomic_NC_015740.1 	42	3028611	3028539	Lys	TTT	85.4	
GCF_000219605.1_genomic	GCF_000219605.1_genomic_NC_015740.1 	43	3018161	3018075	Ser	CGA	66.7	
GCF_000219605.1_genomic	GCF_000219605.1_genomic_NC_015740.1 	44	2951310	2951238	Val	TAC	73.9	
GCF_000219605.1_genomic	GCF_000219605.1_genomic_NC_015740.1 	45	2951221	2951148	Asp	GTC	83.3	
GCF_000219605.1_genomic	GCF_000219605.1_genomic_NC_015740.1 	46	2714109	2714037	Glu	TTC	61.1	
GCF_000219605.1_genomic	GCF_000219605.1_genomic_NC_015740.1 	47	2714016	2713941	Gly	GCC	79.7	
GCF_000219605.1_genomic	GCF_000219605.1_genomic_NC_015740.1 	48	2449070	2448997	Val	GAC	75.0	
GCF_000219605.1_genomic	GCF_000219605.1_genomic_NC_015740.1 	49	2441341	2441268	Pro	GGG	68.5	
GCF_000219605.1_genomic	GCF_000219605.1_genomic_NC_015740.1 	50	2363385	2363312	Ile	GAT	81.8	
GCF_000219605.1_genomic	GCF_000219605.1_genomic_NC_015740.1 	51	2363302	2363230	Ala	TGC	73.9	
GCF_000219605.1_genomic	GCF_000219605.1_genomic_NC_015740.1 	52	2113934	2113851	Leu	TAA	66.0	
GCF_000219605.1_genomic	GCF_000219605.1_genomic_NC_015740.1 	53	1743673	1743600	Met	CAT	73.3	
GCF_000219605.1_genomic	GCF_000219605.1_genomic_NC_015740.1 	54	1743437	1743364	Met	CAT	73.3	
GCF_000219605.1_genomic	GCF_000219605.1_genomic_NC_015740.1 	55	1617939	1617853	Ser	GGA	71.0	
GCF_000219605.1_genomic	GCF_000219605.1_genomic_NC_015740.1 	56	1315758	1315685	Gly	CCC	62.3	
GCF_000219605.1_genomic	GCF_000219605.1_genomic_NC_015740.1 	57	666523	666450	Met	CAT	82.1	
GCF_000219605.1_genomic	GCF_000219605.1_genomic_NC_015740.1 	58	322681	322609	Thr	TGT	80.5	
GCF_000219605.1_genomic	GCF_000219605.1_genomic_NC_015740.1 	59	245749	245657	Sup	TCA	50.8	
GCF_000219605.1_genomic	GCF_000219605.1_genomic_NC_015740.1 	60	164793	164720	Arg	CCG	80.6	
GCF_000219605.1_genomic	GCF_000219605.1_genomic_NC_015740.1 	61	133656	133597	Undet	NNN	24.7	pseudo
GCF_001042485.2_genomic	GCF_001042485.2_genomic_NZ_LBMN02000001.1 	1	417621	417693	Ala	GGC	68.6	
GCF_001042485.2_genomic	GCF_001042485.2_genomic_NZ_LBMN02000004.1 	1	44702	44777	Lys	TTT	81.3	
GCF_001042485.2_genomic	GCF_001042485.2_genomic_NZ_LBMN02000004.1 	2	44785	44856	Glu	TTC	70.2	
GCF_001042485.2_genomic	GCF_001042485.2_genomic_NZ_LBMN02000004.1 	3	44945	45021	Asp	GTC	83.6	
GCF_001042485.2_genomic	GCF_001042485.2_genomic_NZ_LBMN02000004.1 	4	45043	45115	Phe	GAA	81.4	
GCF_001042485.2_genomic	GCF_001042485.2_genomic_NZ_LBMN02000006.1 	1	4425	4350	Arg	CCG	66.9	
GCF_001042485.2_genomic	GCF_001042485.2_genomic_NZ_LBMN02000008.1 	1	50223	50152	Asn	GTT	75.4	
GCF_001042485.2_genomic	GCF_001042485.2_genomic_NZ_LBMN02000008.1 	2	50146	50059	Ser	GCT	66.0	
GCF_001042485.2_genomic	GCF_001042485.2_genomic_NZ_LBMN02000008.1 	3	50027	49956	Glu	TTC	70.6	
GCF_001042485.2_genomic	GCF_001042485.2_genomic_NZ_LBMN02000008.1 	4	49943	49872	Gln	TTG	62.0	
GCF_001042485.2_genomic	GCF_001042485.2_genomic_NZ_LBMN02000008.1 	5	49860	49788	Lys	TTT	81.3	
GCF_001042485.2_genomic	GCF_001042485.2_genomic_NZ_LBMN02000008.1 	6	49772	49690	Leu	TAG	66.8	
GCF_001042485.2_genomic	GCF_001042485.2_genomic_NZ_LBMN02000008.1 	7	49669	49587	Leu	GAG	64.7	
GCF_001042485.2_genomic	GCF_001042485.2_genomic_NZ_LBMN02000008.1 	8	286	213	Arg	ACG	72.0	
GCF_001042485.2_genomic	GCF_001042485.2_genomic_NZ_LBMN02000008.1 	9	197	124	Gly	TCC	72.5	
GCF_001042485.2_genomic	GCF_001042485.2_genomic_NZ_LBMN02000009.1 	1	30264	30191	Arg	TCT	73.2	
GCF_001042485.2_genomic	GCF_001042485.2_genomic_NZ_LBMN02000012.1 	1	86440	86512	Val	GAC	67.6	
GCF_001042485.2_genomic	GCF_001042485.2_genomic_NZ_LBMN02000012.1 	2	492419	492348	Asn	GTT	77.7	
GCF_001042485.2_genomic	GCF_001042485.2_genomic_NZ_LBMN02000012.1 	3	492338	492250	Ser	GGA	69.3	
GCF_001042485.2_genomic	GCF_001042485.2_genomic_NZ_LBMN02000012.1 	4	492232	492161	Glu	TTC	70.6	
GCF_001042485.2_genomic	GCF_001042485.2_genomic_NZ_LBMN02000012.1 	5	492041	491969	Val	TAC	75.4	
GCF_001042485.2_genomic	GCF_001042485.2_genomic_NZ_LBMN02000012.1 	6	491944	491871	Met	CAT	79.9	
GCF_001042485.2_genomic	GCF_001042485.2_genomic_NZ_LBMN02000012.1 	7	491846	491773	Asp	GTC	83.6	
GCF_001042485.2_genomic	GCF_001042485.2_genomic_NZ_LBMN02000012.1 	8	491759	491687	Phe	GAA	81.4	
GCF_001042485.2_genomic	GCF_001042485.2_genomic_NZ_LBMN02000012.1 	9	491680	491608	Thr	TGT	72.8	
GCF_001042485.2_genomic	GCF_001042485.2_genomic_NZ_LBMN02000012.1 	10	491600	491519	Tyr	GTA	70.9	
GCF_001042485.2_genomic	GCF_001042485.2_genomic_NZ_LBMN02000012.1 	11	491508	491438	Trp	CCA	62.6	
GCF_001042485.2_genomic	GCF_001042485.2_genomic_NZ_LBMN02000012.1 	12	491414	491340	His	GTG	58.6	
GCF_001042485.2_genomic	GCF_001042485.2_genomic_NZ_LBMN02000012.1 	13	491333	491262	Gln	TTG	66.2	
GCF_001042485.2_genomic	GCF_001042485.2_genomic_NZ_LBMN02000012.1 	14	491208	491134	Gly	GCC	83.1	
GCF_001042485.2_genomic	GCF_001042485.2_genomic_NZ_LBMN02000012.1 	15	491119	491047	Cys	GCA	70.7	
GCF_001042485.2_genomic	GCF_001042485.2_genomic_NZ_LBMN02000012.1 	16	491036	490951	Leu	TAA	67.9	
GCF_001042485.2_genomic	GCF_001042485.2_genomic_NZ_LBMN02000012.1 	17	490933	490852	Leu	CAA	57.5	
GCF_001042485.2_genomic	GCF_001042485.2_genomic_NZ_LBMN02000012.1 	18	452874	452801	Gly	TCC	75.4	
GCF_001042485.2_genomic	GCF_001042485.2_genomic_NZ_LBMN02000015.1 	1	176	252	Met	CAT	79.9	
GCF_001042485.2_genomic	GCF_001042485.2_genomic_NZ_LBMN02000015.1 	2	289	365	Asp	GTC	83.6	
GCF_001042485.2_genomic	GCF_001042485.2_genomic_NZ_LBMN02000018.1 	1	927	1002	Val	TAC	75.4	
GCF_001042485.2_genomic	GCF_001042485.2_genomic_NZ_LBMN02000018.1 	2	1018	1093	Thr	CGT	67.7	
GCF_001042485.2_genomic	GCF_001042485.2_genomic_NZ_LBMN02000018.1 	3	1175	1250	Lys	TTT	81.3	
GCF_001042485.2_genomic	GCF_001042485.2_genomic_NZ_LBMN02000018.1 	4	1258	1342	Leu	CAG	61.0	
GCF_001042485.2_genomic	GCF_001042485.2_genomic_NZ_LBMN02000018.1 	5	1358	1429	Gly	GCC	82.4	
GCF_001042485.2_genomic	GCF_001042485.2_genomic_NZ_LBMN02000018.1 	6	1441	1517	Arg	ACG	72.0	
GCF_001042485.2_genomic	GCF_001042485.2_genomic_NZ_LBMN02000018.1 	7	1526	1602	Pro	TGG	79.3	
GCF_001042485.2_genomic	GCF_001042485.2_genomic_NZ_LBMN02000018.1 	8	1609	1681	Ala	TGC	72.7	
GCF_001042485.2_genomic	GCF_001042485.2_genomic_NZ_LBMN02000018.1 	9	1707	1780	Met	CAT	69.7	
GCF_001042485.2_genomic	GCF_001042485.2_genomic_NZ_LBMN02000018.1 	10	1786	1862	Met	CAT	79.9	
GCF_001042485.2_genomic	GCF_001042485.2_genomic_NZ_LBMN02000018.1 	11	1870	1962	Ser	TGA	64.6	
GCF_001042485.2_genomic	GCF_001042485.2_genomic_NZ_LBMN02000018.1 	12	1987	2063	Met	CAT	79.9	
GCF_001042485.2_genomic	GCF_001042485.2_genomic_NZ_LBMN02000018.1 	13	2086	2162	Asp	GTC	83.6	
GCF_001042485.2_genomic	GCF_001042485.2_genomic_NZ_LBMN02000018.1 	14	2172	2247	Phe	GAA	81.4	
GCF_001042485.2_genomic	GCF_001042485.2_genomic_NZ_LBMN02000018.1 	15	2270	2345	His	GTG	66.2	
GCF_001042485.2_genomic	GCF_001042485.2_genomic_NZ_LBMN02000018.1 	16	2354	2427	Gly	TCC	75.4	
GCF_001042485.2_genomic	GCF_001042485.2_genomic_NZ_LBMN02000018.1 	17	2440	2516	Ile	GAT	85.3	
GCF_001042485.2_genomic	GCF_001042485.2_genomic_NZ_LBMN02000018.1 	18	2523	2597	Asn	GTT	77.7	
GCF_001042485.2_genomic	GCF_001042485.2_genomic_NZ_LBMN02000018.1 	19	2599	2689	Ser	GCT	66.0	
GCF_001042485.2_genomic	GCF_001042485.2_genomic_NZ_LBMN02000018.1 	20	2702	2773	Glu	TTC	70.6	
GCF_001042485.2_genomic	GCF_001042485.2_genomic_NZ_LBMN02000020.1 	1	206	280	Asn	GTT	77.7	
GCF_001042485.2_genomic	GCF_001042485.2_genomic_NZ_LBMN02000020.1 	2	283	357	Thr	GGT	66.4	
GCF_001042485.2_genomic	GCF_001042485.2_genomic_NZ_LBMN02000020.1 	3	13495	13569	Glu	TTC	70.6	
GCF_001042485.2_genomic	GCF_001042485.2_genomic_NZ_LBMN02000020.1 	4	13673	13748	Val	TAC	75.4	
GCF_001042485.2_genomic	GCF_001042485.2_genomic_NZ_LBMN02000020.1 	5	13808	13880	Thr	TGT	72.8	
GCF_001042485.2_genomic	GCF_001042485.2_genomic_NZ_LBMN02000020.1 	6	13889	13973	Tyr	GTA	70.9	
GCF_001042485.2_genomic	GCF_001042485.2_genomic_NZ_LBMN02000020.1 	7	13978	14049	Gln	TTG	66.2	
GCF_001042485.2_genomic	GCF_001042485.2_genomic_NZ_LBMN02000025.1 	1	8073	7984	Ser	TGA	64.6	
GCF_001042485.2_genomic	GCF_001042485.2_genomic_NZ_LBMN02000032.1 	1	40	115	Val	TAC	75.4	
GCF_001042485.2_genomic	GCF_001042485.2_genomic_NZ_LBMN02000032.1 	2	137	212	Thr	TGT	72.6	
GCF_001042485.2_genomic	GCF_001042485.2_genomic_NZ_LBMN02000032.1 	3	248	323	Lys	TTT	81.1	
GCF_001042485.2_genomic	GCF_001042485.2_genomic_NZ_LBMN02000032.1 	4	330	412	Leu	TAG	66.8	
GCF_001042485.2_genomic	GCF_001042485.2_genomic_NZ_LBMN02000032.1 	5	428	502	Gly	GCC	83.1	
GCF_001042485.2_genomic	GCF_001042485.2_genomic_NZ_LBMN02000032.1 	6	512	597	Leu	TAA	67.9	
GCF_001042485.2_genomic	GCF_001042485.2_genomic_NZ_LBMN02000032.1 	7	607	683	Arg	ACG	72.0	
GCF_001042485.2_genomic	GCF_001042485.2_genomic_NZ_LBMN02000032.1 	8	694	770	Pro	TGG	79.3	
GCF_001042485.2_genomic	GCF_001042485.2_genomic_NZ_LBMN02000032.1 	9	777	852	Ala	TGC	72.7	
GCF_001042485.2_genomic	GCF_001042485.2_genomic_NZ_LBMN02000034.1 	1	35359	35432	Met	CAT	67.5	
GCF_001042485.2_genomic	GCF_001042485.2_genomic_NZ_LBMN02000034.1 	2	35443	35514	Glu	TTC	70.6	
GCF_001042485.2_genomic	GCF_001042485.2_genomic_NZ_LBMN02000036.1 	1	458575	458646	Gln	TTG	64.7	
GCF_001042485.2_genomic	GCF_001042485.2_genomic_NZ_LBMN02000038.1 	1	87456	87529	Arg	CCT	69.9	
GCF_900215245.1_genomic	GCF_900215245.1_genomic_NZ_LT907842.1 	1	943649	943725	Met	CAT	73.3	
GCF_900215245.1_genomic	GCF_900215245.1_genomic_NZ_LT907842.1 	2	943933	944009	Met	CAT	73.3	
GCF_900215245.1_genomic	GCF_900215245.1_genomic_NZ_LT907842.1 	3	1033606	1033690	Leu	CAA	64.9	
GCF_900215245.1_genomic	GCF_900215245.1_genomic_NZ_LT907842.1 	4	1552804	1552880	Met	CAT	85.4	
GCF_900215245.1_genomic	GCF_900215245.1_genomic_NZ_LT907842.1 	5	2301215	2301291	Ile	GAT	81.8	
GCF_900215245.1_genomic	GCF_900215245.1_genomic_NZ_LT907842.1 	6	2301322	2301397	Ala	TGC	75.4	
GCF_900215245.1_genomic	GCF_900215245.1_genomic_NZ_LT907842.1 	7	2998265	2998341	Ile	GAT	81.8	
GCF_900215245.1_genomic	GCF_900215245.1_genomic_NZ_LT907842.1 	8	2998372	2998447	Ala	TGC	75.4	
GCF_900215245.1_genomic	GCF_900215245.1_genomic_NZ_LT907842.1 	9	3118024	3118099	Asn	GTT	76.3	
GCF_900215245.1_genomic	GCF_900215245.1_genomic_NZ_LT907842.1 	10	3118110	3118186	Pro	TGG	70.9	
GCF_900215245.1_genomic	GCF_900215245.1_genomic_NZ_LT907842.1 	11	3118192	3118267	Lys	TTT	81.6	
GCF_900215245.1_genomic	GCF_900215245.1_genomic_NZ_LT907842.1 	12	3118456	3118532	Pro	TGG	70.9	
GCF_900215245.1_genomic	GCF_900215245.1_genomic_NZ_LT907842.1 	13	3230947	3231018	Lys	TTT	20.0	pseudo
GCF_900215245.1_genomic	GCF_900215245.1_genomic_NZ_LT907842.1 	14	3231112	3231188	Pro	TGG	70.9	
GCF_900215245.1_genomic	GCF_900215245.1_genomic_NZ_LT907842.1 	15	3238719	3238791	Thr	CGT	73.6	
GCF_900215245.1_genomic	GCF_900215245.1_genomic_NZ_LT907842.1 	16	3950451	3950540	Ser	CGA	62.4	
GCF_900215245.1_genomic	GCF_900215245.1_genomic_NZ_LT907842.1 	17	3998741	3998888	Ser	CGA	21.9	pseudo
GCF_900215245.1_genomic	GCF_900215245.1_genomic_NZ_LT907842.1 	18	4351028	4351103	Glu	TTC	61.1	
GCF_900215245.1_genomic	GCF_900215245.1_genomic_NZ_LT907842.1 	19	4351107	4351182	Gly	GCC	79.7	
GCF_900215245.1_genomic	GCF_900215245.1_genomic_NZ_LT907842.1 	20	4351288	4351363	Glu	TTC	61.1	
GCF_900215245.1_genomic	GCF_900215245.1_genomic_NZ_LT907842.1 	21	4351367	4351442	Gly	GCC	79.7	
GCF_900215245.1_genomic	GCF_900215245.1_genomic_NZ_LT907842.1 	22	4378858	4378933	Val	TAC	72.6	
GCF_900215245.1_genomic	GCF_900215245.1_genomic_NZ_LT907842.1 	23	4378953	4379029	Asp	GTC	83.4	
GCF_900215245.1_genomic	GCF_900215245.1_genomic_NZ_LT907842.1 	24	4379206	4379281	Val	TAC	72.6	
GCF_900215245.1_genomic	GCF_900215245.1_genomic_NZ_LT907842.1 	25	4379301	4379377	Asp	GTC	83.4	
GCF_900215245.1_genomic	GCF_900215245.1_genomic_NZ_LT907842.1 	26	4436322	4436398	Ile	GAT	81.8	
GCF_900215245.1_genomic	GCF_900215245.1_genomic_NZ_LT907842.1 	27	4436429	4436504	Ala	TGC	75.4	
GCF_900215245.1_genomic	GCF_900215245.1_genomic_NZ_LT907842.1 	28	4592598	4592673	Gly	GCC	79.7	
GCF_900215245.1_genomic	GCF_900215245.1_genomic_NZ_LT907842.1 	29	4963121	4963195	Lys	CTT	75.5	
GCF_900215245.1_genomic	GCF_900215245.1_genomic_NZ_LT907842.1 	30	5638516	5638602	Leu	TAA	64.1	
GCF_900215245.1_genomic	GCF_900215245.1_genomic_NZ_LT907842.1 	31	6483739	6483666	Pro	GGG	69.2	
GCF_900215245.1_genomic	GCF_900215245.1_genomic_NZ_LT907842.1 	32	6352255	6352182	Arg	TCT	82.7	
GCF_900215245.1_genomic	GCF_900215245.1_genomic_NZ_LT907842.1 	33	6352146	6352071	His	GTG	73.2	
GCF_900215245.1_genomic	GCF_900215245.1_genomic_NZ_LT907842.1 	34	6352014	6351933	Leu	TAG	61.7	
GCF_900215245.1_genomic	GCF_900215245.1_genomic_NZ_LT907842.1 	35	6351852	6351777	His	GTG	73.2	
GCF_900215245.1_genomic	GCF_900215245.1_genomic_NZ_LT907842.1 	36	6143186	6143099	Ser	TGA	65.9	
GCF_900215245.1_genomic	GCF_900215245.1_genomic_NZ_LT907842.1 	37	6089671	6089582	Ser	TGA	20.0	pseudo
GCF_900215245.1_genomic	GCF_900215245.1_genomic_NZ_LT907842.1 	38	5689985	5689912	Cys	GCA	55.7	
GCF_900215245.1_genomic	GCF_900215245.1_genomic_NZ_LT907842.1 	39	3909061	3908988	Gly	CCC	68.3	
GCF_900215245.1_genomic	GCF_900215245.1_genomic_NZ_LT907842.1 	40	3066362	3066291	Gln	TTG	55.7	
GCF_900215245.1_genomic	GCF_900215245.1_genomic_NZ_LT907842.1 	41	3043393	3043320	Met	CAT	76.7	
GCF_900215245.1_genomic	GCF_900215245.1_genomic_NZ_LT907842.1 	42	2826537	2826454	Leu	CAG	63.8	
GCF_900215245.1_genomic	GCF_900215245.1_genomic_NZ_LT907842.1 	43	2826273	2826190	Leu	CAG	63.8	
GCF_900215245.1_genomic	GCF_900215245.1_genomic_NZ_LT907842.1 	44	2579151	2579079	Phe	GAA	77.2	
GCF_900215245.1_genomic	GCF_900215245.1_genomic_NZ_LT907842.1 	45	2565108	2565036	Thr	TGT	81.0	
GCF_900215245.1_genomic	GCF_900215245.1_genomic_NZ_LT907842.1 	46	2423360	2423287	Arg	CCG	80.0	
GCF_900215245.1_genomic	GCF_900215245.1_genomic_NZ_LT907842.1 	47	1492631	1492558	Ile	GAT	81.8	
GCF_900215245.1_genomic	GCF_900215245.1_genomic_NZ_LT907842.1 	48	1492524	1492452	Ala	TGC	75.4	
GCF_900215245.1_genomic	GCF_900215245.1_genomic_NZ_LT907842.1 	49	1486556	1486475	Tyr	GTA	67.0	
GCF_900215245.1_genomic	GCF_900215245.1_genomic_NZ_LT907842.1 	50	1486447	1486374	Gly	TCC	75.6	
GCF_900215245.1_genomic	GCF_900215245.1_genomic_NZ_LT907842.1 	51	1486347	1486272	Thr	GGT	75.0	
GCF_900215245.1_genomic	GCF_900215245.1_genomic_NZ_LT907842.1 	52	1486110	1486038	Trp	CCA	72.0	
GCF_900215245.1_genomic	GCF_900215245.1_genomic_NZ_LT907842.1 	53	1206489	1206407	Leu	GAG	53.3	
GCF_900215245.1_genomic	GCF_900215245.1_genomic_NZ_LT907842.1 	54	1206307	1206234	Met	CAT	74.6	
GCF_900215245.1_genomic	GCF_900215245.1_genomic_NZ_LT907842.1 	55	1156426	1156353	Ile	GAT	81.8	
GCF_900215245.1_genomic	GCF_900215245.1_genomic_NZ_LT907842.1 	56	1156319	1156247	Ala	TGC	75.4	
GCF_900215245.1_genomic	GCF_900215245.1_genomic_NZ_LT907842.1 	57	847570	847498	Lys	TTT	81.6	
GCF_900215245.1_genomic	GCF_900215245.1_genomic_NZ_LT907842.1 	58	665696	665609	Ser	GCT	69.3	
GCF_900215245.1_genomic	GCF_900215245.1_genomic_NZ_LT907842.1 	59	665497	665424	Arg	ACG	80.1	
GCF_900215245.1_genomic	GCF_900215245.1_genomic_NZ_LT907842.1 	60	665348	665275	Arg	ACG	80.1	
GCF_900215245.1_genomic	GCF_900215245.1_genomic_NZ_LT907842.1 	61	661899	661826	Arg	CCT	70.5	
GCF_900215245.1_genomic	GCF_900215245.1_genomic_NZ_LT907842.1 	62	560134	560048	Ser	GGA	63.4	
GCF_900215245.1_genomic	GCF_900215245.1_genomic_NZ_LT907842.1 	63	136209	136137	Asn	GTT	73.4	
GCF_900215245.1_genomic	GCF_900215245.1_genomic_NZ_LT907842.1 	64	31804	31732	Ala	GGC	68.4	
GCF_900215245.1_genomic	GCF_900215245.1_genomic_NZ_LT907842.1 	65	31650	31578	Glu	TTC	61.1	
GCF_900215245.1_genomic	GCF_900215245.1_genomic_NZ_LT907842.1 	66	31524	31452	Ala	GGC	68.4	
GCF_900215245.1_genomic	GCF_900215245.1_genomic_NZ_LT907842.1 	67	31369	31297	Glu	TTC	61.1	
GCF_900215245.1_genomic	GCF_900215245.1_genomic_NZ_LT907842.1 	68	5054	4982	Val	TAC	73.9	
GCF_900215245.1_genomic	GCF_900215245.1_genomic_NZ_LT907842.1 	69	4923	4850	Asp	GTC	83.3	
GCF_900215245.1_genomic	GCF_900215245.1_genomic_NZ_LT907842.1 	70	4741	4668	Asp	GTC	83.3	
GCF_900215245.1_genomic	GCF_900215245.1_genomic_NZ_LT907842.1 	71	3019	2946	Val	GAC	69.8	
GCF_000368145.1_genomic	GCF_000368145.1_genomic_NZ_KB849281.1 	1	43650	43725	Asn	GTT	74.4	
GCF_000368145.1_genomic	GCF_000368145.1_genomic_NZ_KB849281.1 	2	43731	43806	Asn	GTT	63.9	
GCF_000368145.1_genomic	GCF_000368145.1_genomic_NZ_KB849281.1 	3	178149	178076	Met	CAT	80.1	
GCF_000368145.1_genomic	GCF_000368145.1_genomic_NZ_KB849282.1 	1	105378	105453	Lys	TTT	85.5	
GCF_000368145.1_genomic	GCF_000368145.1_genomic_NZ_KB849282.1 	2	105546	105621	Lys	TTT	85.5	
GCF_000368145.1_genomic	GCF_000368145.1_genomic_NZ_KB849282.1 	3	105715	105790	Lys	TTT	85.5	
GCF_000368145.1_genomic	GCF_000368145.1_genomic_NZ_KB849282.1 	4	105950	106025	Lys	CTT	84.4	
GCF_000368145.1_genomic	GCF_000368145.1_genomic_NZ_KB849282.1 	5	305978	306068	Ser	GGA	61.8	
GCF_000368145.1_genomic	GCF_000368145.1_genomic_NZ_KB849282.1 	6	312056	312131	Thr	TGT	79.4	
GCF_000368145.1_genomic	GCF_000368145.1_genomic_NZ_KB849282.1 	7	525442	525369	Ile	GAT	79.1	
GCF_000368145.1_genomic	GCF_000368145.1_genomic_NZ_KB849282.1 	8	525321	525249	Ala	TGC	74.4	
GCF_000368145.1_genomic	GCF_000368145.1_genomic_NZ_KB849282.1 	9	282856	282784	Thr	TGT	79.4	
GCF_000368145.1_genomic	GCF_000368145.1_genomic_NZ_KB849282.1 	10	282727	282647	Tyr	GTA	57.3	
GCF_000368145.1_genomic	GCF_000368145.1_genomic_NZ_KB849282.1 	11	282610	282535	Gly	TCC	77.1	
GCF_000368145.1_genomic	GCF_000368145.1_genomic_NZ_KB849282.1 	12	282523	282449	Thr	GGT	75.2	
GCF_000368145.1_genomic	GCF_000368145.1_genomic_NZ_KB849282.1 	13	281063	280991	Trp	CCA	67.2	
GCF_000368145.1_genomic	GCF_000368145.1_genomic_NZ_KB849282.1 	14	193996	193915	Leu	GAG	56.4	
GCF_000368145.1_genomic	GCF_000368145.1_genomic_NZ_KB849282.1 	15	193866	193791	Met	CAT	67.0	
GCF_000368145.1_genomic	GCF_000368145.1_genomic_NZ_KB849282.1 	16	193347	193270	Met	CAT	68.5	
GCF_000368145.1_genomic	GCF_000368145.1_genomic_NZ_KB849283.1 	1	52563	52647	Leu	TAG	65.1	
GCF_000368145.1_genomic	GCF_000368145.1_genomic_NZ_KB849283.1 	2	204904	204980	Ile	GAT	79.1	
GCF_000368145.1_genomic	GCF_000368145.1_genomic_NZ_KB849283.1 	3	205025	205100	Ala	TGC	74.4	
GCF_000368145.1_genomic	GCF_000368145.1_genomic_NZ_KB849283.1 	4	959302	959378	Met	CAT	84.0	
GCF_000368145.1_genomic	GCF_000368145.1_genomic_NZ_KB849283.1 	5	1796695	1796770	Glu	TTC	55.9	
GCF_000368145.1_genomic	GCF_000368145.1_genomic_NZ_KB849283.1 	6	1798631	1798706	Glu	TTC	55.9	
GCF_000368145.1_genomic	GCF_000368145.1_genomic_NZ_KB849283.1 	7	1801632	1801707	Glu	TTC	55.9	
GCF_000368145.1_genomic	GCF_000368145.1_genomic_NZ_KB849283.1 	8	1820300	1820375	Asn	GTT	74.4	
GCF_000368145.1_genomic	GCF_000368145.1_genomic_NZ_KB849283.1 	9	1820381	1820456	Asn	GTT	73.4	
GCF_000368145.1_genomic	GCF_000368145.1_genomic_NZ_KB849283.1 	10	1820699	1820774	Asn	GTT	74.4	
GCF_000368145.1_genomic	GCF_000368145.1_genomic_NZ_KB849283.1 	11	1843391	1843464	Cys	GCA	57.3	
GCF_000368145.1_genomic	GCF_000368145.1_genomic_NZ_KB849283.1 	12	1843475	1843560	Leu	TAA	56.1	
GCF_000368145.1_genomic	GCF_000368145.1_genomic_NZ_KB849283.1 	13	1846458	1846543	Leu	TAA	56.1	
GCF_000368145.1_genomic	GCF_000368145.1_genomic_NZ_KB849283.1 	14	1864947	1865021	Gln	TTG	55.5	
GCF_000368145.1_genomic	GCF_000368145.1_genomic_NZ_KB849283.1 	15	1865052	1865126	Gln	TTG	55.5	
GCF_000368145.1_genomic	GCF_000368145.1_genomic_NZ_KB849283.1 	16	1865218	1865292	Gln	TTG	55.5	
GCF_000368145.1_genomic	GCF_000368145.1_genomic_NZ_KB849283.1 	17	1938897	1938969	Arg	CCT	66.4	
GCF_000368145.1_genomic	GCF_000368145.1_genomic_NZ_KB849283.1 	18	2249638	2249555	Leu	CAA	61.3	
GCF_000368145.1_genomic	GCF_000368145.1_genomic_NZ_KB849283.1 	19	1847897	1847824	Met	CAT	80.1	
GCF_000368145.1_genomic	GCF_000368145.1_genomic_NZ_KB849283.1 	20	1785626	1785540	Ser	TGA	67.2	
GCF_000368145.1_genomic	GCF_000368145.1_genomic_NZ_KB849283.1 	21	1555783	1555711	Arg	CCG	58.5	
GCF_000368145.1_genomic	GCF_000368145.1_genomic_NZ_KB849283.1 	22	1552280	1552203	Met	CAT	68.5	
GCF_000368145.1_genomic	GCF_000368145.1_genomic_NZ_KB849283.1 	23	1552127	1552050	Met	CAT	68.5	
GCF_000368145.1_genomic	GCF_000368145.1_genomic_NZ_KB849283.1 	24	1551974	1551897	Met	CAT	68.5	
GCF_000368145.1_genomic	GCF_000368145.1_genomic_NZ_KB849283.1 	25	1546966	1546889	Met	CAT	68.5	
GCF_000368145.1_genomic	GCF_000368145.1_genomic_NZ_KB849283.1 	26	1076523	1076450	Val	GAC	65.6	
GCF_000368145.1_genomic	GCF_000368145.1_genomic_NZ_KB849283.1 	27	29173	29034	Ser	CGA	24.9	pseudo
GCF_000368145.1_genomic	GCF_000368145.1_genomic_NZ_KB849284.1 	1	81390	81465	Gly	GCC	73.9	
GCF_000368145.1_genomic	GCF_000368145.1_genomic_NZ_KB849284.1 	2	167954	167881	Ile	GAT	79.1	
GCF_000368145.1_genomic	GCF_000368145.1_genomic_NZ_KB849284.1 	3	167833	167761	Ala	TGC	74.4	
GCF_000368145.1_genomic	GCF_000368145.1_genomic_NZ_KB849284.1 	4	1136	1063	Ile	GAT	79.1	
GCF_000368145.1_genomic	GCF_000368145.1_genomic_NZ_KB849284.1 	5	1015	943	Ala	TGC	74.4	
GCF_000368145.1_genomic	GCF_000368145.1_genomic_NZ_KB849285.1 	1	226102	226029	Pro	TGG	76.5	
GCF_000368145.1_genomic	GCF_000368145.1_genomic_NZ_KB849285.1 	2	225980	225907	Arg	TCT	86.6	
GCF_000368145.1_genomic	GCF_000368145.1_genomic_NZ_KB849285.1 	3	225862	225787	His	GTG	70.2	
GCF_000368145.1_genomic	GCF_000368145.1_genomic_NZ_KB849285.1 	4	225763	225690	Pro	TGG	76.5	
GCF_000368145.1_genomic	GCF_000368145.1_genomic_NZ_KB849285.1 	5	187418	187345	Pro	TGG	76.5	
GCF_000368145.1_genomic	GCF_000368145.1_genomic_NZ_KB849285.1 	6	182785	182712	Ile	GAT	79.1	
GCF_000368145.1_genomic	GCF_000368145.1_genomic_NZ_KB849285.1 	7	182664	182592	Ala	TGC	74.4	
GCF_000368145.1_genomic	GCF_000368145.1_genomic_NZ_KB849285.1 	8	143989	143917	Val	TAC	80.2	
GCF_000368145.1_genomic	GCF_000368145.1_genomic_NZ_KB849285.1 	9	143890	143817	Asp	GTC	82.3	
GCF_000368145.1_genomic	GCF_000368145.1_genomic_NZ_KB849285.1 	10	143769	143696	Asp	GTC	82.3	
GCF_000368145.1_genomic	GCF_000368145.1_genomic_NZ_KB849285.1 	11	143620	143548	Val	TAC	80.2	
GCF_000368145.1_genomic	GCF_000368145.1_genomic_NZ_KB849285.1 	12	143536	143463	Asp	GTC	82.3	
GCF_000368145.1_genomic	GCF_000368145.1_genomic_NZ_KB849285.1 	13	143352	143280	Val	TAC	80.2	
GCF_000368145.1_genomic	GCF_000368145.1_genomic_NZ_KB849285.1 	14	143268	143195	Asp	GTC	82.3	
GCF_000368145.1_genomic	GCF_000368145.1_genomic_NZ_KB849285.1 	15	143084	143012	Val	TAC	80.2	
GCF_000368145.1_genomic	GCF_000368145.1_genomic_NZ_KB849285.1 	16	143000	142927	Asp	GTC	82.3	
GCF_000368145.1_genomic	GCF_000368145.1_genomic_NZ_KB849285.1 	17	142739	142667	Val	TAC	80.2	
GCF_000368145.1_genomic	GCF_000368145.1_genomic_NZ_KB849286.1 	1	338940	338864	Arg	TCT	55.0	
GCF_000368145.1_genomic	GCF_000368145.1_genomic_NZ_KB849286.1 	2	290646	290560	Ser	TGA	67.2	
GCF_000368145.1_genomic	GCF_000368145.1_genomic_NZ_KB849287.1 	1	77151	77226	Phe	GAA	68.8	
GCF_000368145.1_genomic	GCF_000368145.1_genomic_NZ_KB849287.1 	2	299433	299522	Ser	GCT	71.8	
GCF_000368145.1_genomic	GCF_000368145.1_genomic_NZ_KB849287.1 	3	299538	299614	Arg	ACG	75.8	
GCF_000368145.1_genomic	GCF_000368145.1_genomic_NZ_KB849287.1 	4	307800	307876	Arg	ACG	75.8	
GCF_000368145.1_genomic	GCF_000368145.1_genomic_NZ_KB849287.1 	5	423825	423901	Ile	GAT	79.1	
GCF_000368145.1_genomic	GCF_000368145.1_genomic_NZ_KB849287.1 	6	423946	424021	Ala	TGC	74.4	
GCF_000368145.1_genomic	GCF_000368145.1_genomic_NZ_KB849287.1 	7	103771	103699	Ala	GGC	67.3	
GCF_000368145.1_genomic	GCF_000368145.1_genomic_NZ_KB849287.1 	8	103669	103597	Glu	TTC	57.5	
GCF_000368145.1_genomic	GCF_000368145.1_genomic_NZ_KB849290.1 	1	1511	1587	Ile	GAT	79.1	
GCF_000368145.1_genomic	GCF_000368145.1_genomic_NZ_KB849290.1 	2	1632	1707	Ala	TGC	74.4	
GCF_000368145.1_genomic	GCF_000368145.1_genomic_NZ_KB849292.1 	1	6225	6300	Ala	TGC	74.6	
GCF_000012905.2_genomic	GCF_000012905.2_genomic_NC_007493.2 	1	1686	1762	Ile	GAT	79.3	
GCF_000012905.2_genomic	GCF_000012905.2_genomic_NC_007493.2 	2	1810	1885	Ala	TGC	74.5	
GCF_000012905.2_genomic	GCF_000012905.2_genomic_NC_007493.2 	3	5272	5348	Met	CAT	77.8	
GCF_000012905.2_genomic	GCF_000012905.2_genomic_NC_007493.2 	4	289875	289950	Trp	CCA	72.8	
GCF_000012905.2_genomic	GCF_000012905.2_genomic_NC_007493.2 	5	479851	479937	Leu	GAG	62.9	
GCF_000012905.2_genomic	GCF_000012905.2_genomic_NC_007493.2 	6	512631	512714	Leu	TAA	55.4	
GCF_000012905.2_genomic	GCF_000012905.2_genomic_NC_007493.2 	7	766845	766919	Glu	TTC	52.3	
GCF_000012905.2_genomic	GCF_000012905.2_genomic_NC_007493.2 	8	972770	972846	Pro	TGG	77.5	
GCF_000012905.2_genomic	GCF_000012905.2_genomic_NC_007493.2 	9	1479298	1479372	Gln	TTG	55.7	
GCF_000012905.2_genomic	GCF_000012905.2_genomic_NC_007493.2 	10	1479463	1479537	Gln	TTG	55.3	
GCF_000012905.2_genomic	GCF_000012905.2_genomic_NC_007493.2 	11	1807680	1807751	Thr	TGT	69.9	
GCF_000012905.2_genomic	GCF_000012905.2_genomic_NC_007493.2 	12	1843489	1843563	Gly	GCC	76.9	
GCF_000012905.2_genomic	GCF_000012905.2_genomic_NC_007493.2 	13	1920597	1920671	Asn	GTT	78.9	
GCF_000012905.2_genomic	GCF_000012905.2_genomic_NC_007493.2 	14	1931579	1931648	Asn	GTT	27.7	
GCF_000012905.2_genomic	GCF_000012905.2_genomic_NC_007493.2 	15	2139002	2139076	Glu	TTC	52.3	
GCF_000012905.2_genomic	GCF_000012905.2_genomic_NC_007493.2 	16	2344607	2344683	Arg	CCG	80.0	
GCF_000012905.2_genomic	GCF_000012905.2_genomic_NC_007493.2 	17	2370652	2370726	Thr	GGT	80.6	
GCF_000012905.2_genomic	GCF_000012905.2_genomic_NC_007493.2 	18	2495522	2495598	His	GTG	69.0	
GCF_000012905.2_genomic	GCF_000012905.2_genomic_NC_007493.2 	19	2687387	2687461	Lys	TTT	80.4	
GCF_000012905.2_genomic	GCF_000012905.2_genomic_NC_007493.2 	20	2741640	2741715	Ala	GGC	68.6	
GCF_000012905.2_genomic	GCF_000012905.2_genomic_NC_007493.2 	21	2915999	2916083	Leu	CAG	67.3	
GCF_000012905.2_genomic	GCF_000012905.2_genomic_NC_007493.2 	22	3176747	3176676	Val	GAC	75.3	
GCF_000012905.2_genomic	GCF_000012905.2_genomic_NC_007493.2 	23	2813655	2813582	Arg	ACG	78.7	
GCF_000012905.2_genomic	GCF_000012905.2_genomic_NC_007493.2 	24	2608039	2607966	Pro	CGG	78.7	
GCF_000012905.2_genomic	GCF_000012905.2_genomic_NC_007493.2 	25	2361943	2361871	Phe	GAA	70.3	
GCF_000012905.2_genomic	GCF_000012905.2_genomic_NC_007493.2 	26	1942460	1942374	Ser	GGA	71.3	
GCF_000012905.2_genomic	GCF_000012905.2_genomic_NC_007493.2 	27	1857134	1857053	Leu	TAG	64.2	
GCF_000012905.2_genomic	GCF_000012905.2_genomic_NC_007493.2 	28	1852149	1852076	Cys	GCA	62.0	
GCF_000012905.2_genomic	GCF_000012905.2_genomic_NC_007493.2 	29	1679048	1678975	Asp	GTC	80.5	
GCF_000012905.2_genomic	GCF_000012905.2_genomic_NC_007493.2 	30	1678936	1678863	Asp	GTC	80.8	
GCF_000012905.2_genomic	GCF_000012905.2_genomic_NC_007493.2 	31	1609180	1609100	Leu	CAA	59.7	
GCF_000012905.2_genomic	GCF_000012905.2_genomic_NC_007493.2 	32	1508369	1508298	Val	CAC	71.5	
GCF_000012905.2_genomic	GCF_000012905.2_genomic_NC_007493.2 	33	1413339	1413266	Gly	CCC	70.4	
GCF_000012905.2_genomic	GCF_000012905.2_genomic_NC_007493.2 	34	1251367	1251293	Pro	GGG	73.7	
GCF_000012905.2_genomic	GCF_000012905.2_genomic_NC_007493.2 	35	857089	857010	Tyr	GTA	29.2	
GCF_000012905.2_genomic	GCF_000012905.2_genomic_NC_007493.2 	36	683918	683844	Gly	GCC	76.9	
GCF_000012905.2_genomic	GCF_000012905.2_genomic_NC_007493.2 	37	675490	675417	Arg	TCT	71.2	
GCF_000012905.2_genomic	GCF_000012905.2_genomic_NC_007493.2 	38	560622	560550	Met	CAT	71.8	
GCF_000012905.2_genomic	GCF_000012905.2_genomic_NC_007493.2 	39	255267	255195	Arg	CCT	75.6	
GCF_000012905.2_genomic	GCF_000012905.2_genomic_NC_007493.2 	40	215817	215731	Ser	GCT	75.0	
GCF_000012905.2_genomic	GCF_000012905.2_genomic_NC_007493.2 	41	92778	92706	Thr	CGT	80.3	
GCF_000012905.2_genomic	GCF_000012905.2_genomic_NC_007494.2 	1	1688	1764	Ile	GAT	79.3	
GCF_000012905.2_genomic	GCF_000012905.2_genomic_NC_007494.2 	2	1812	1887	Ala	TGC	74.5	
GCF_000012905.2_genomic	GCF_000012905.2_genomic_NC_007494.2 	3	5274	5350	Met	CAT	77.8	
GCF_000012905.2_genomic	GCF_000012905.2_genomic_NC_007494.2 	4	35361	35437	Ile	GAT	79.3	
GCF_000012905.2_genomic	GCF_000012905.2_genomic_NC_007494.2 	5	35485	35560	Ala	TGC	74.5	
GCF_000012905.2_genomic	GCF_000012905.2_genomic_NC_007494.2 	6	38946	39022	Met	CAT	77.8	
GCF_000012905.2_genomic	GCF_000012905.2_genomic_NC_007494.2 	7	162170	162243	Gly	TCC	67.4	
GCF_000012905.2_genomic	GCF_000012905.2_genomic_NC_007494.2 	8	373347	373436	Ser	TGA	74.8	
GCF_000012905.2_genomic	GCF_000012905.2_genomic_NC_007494.2 	9	431068	431143	Ala	CGC	69.4	
GCF_000012905.2_genomic	GCF_000012905.2_genomic_NC_007494.2 	10	704746	704822	Met	CAT	88.1	
GCF_000012905.2_genomic	GCF_000012905.2_genomic_NC_007494.2 	11	758294	758372	Leu	CAA	28.0	
GCF_000012905.2_genomic	GCF_000012905.2_genomic_NC_007494.2 	12	923941	923869	Val	TAC	71.8	
GCF_000012905.2_genomic	GCF_000012905.2_genomic_NC_007494.2 	13	15083	14997	Ser	CGA	73.3	
